open_datetime,close_datetime,ticker,open_bid,open_ask,close_bid,close_ask,change,position,status
2025-11-03 15:32:38-05:00,2025-11-10 04:47:45.676814344-05:00,TSLA,467.81,468.37,483.89,484.63,3.3145,long,closed
2025-11-04 10:01:06-05:00,2025-11-04 13:47:52.553401840-05:00,COST,935.14,936.61,790.04,790.90,-15.6488,long,closed
2025-11-04 13:19:53-05:00,2025-11-05 13:01:01.984608458-05:00,CVX,148.59,148.86,162.69,162.82,9.2878,long,closed
2025-11-04 13:20:38-05:00,2025-11-05 23:34:26.865693270-05:00,TSLA,443.63,444.26,480.20,480.81,8.0891,long,closed
2025-11-04 13:50:16-05:00,2025-11-05 04:35:46.103064385-05:00,AMAT,229.01,229.17,200.65,200.77,-12.4451,long,closed
2025-11-05 10:16:31-05:00,2025-12-15 01:05:55.888620796-05:00,NVDA,194.67,194.96,186.64,186.80,-4.2668,long,closed
2025-11-05 14:17:05-05:00,2025-11-05 23:25:53.255197694-05:00,CSCO,71.02,71.06,54.31,54.40,-23.5698,long,closed
2025-11-06 09:12:18-05:00,2025-11-07 19:54:05.615534632-05:00,AAPL,268.51,269.01,303.44,303.79,12.7995,long,closed
2025-11-06 15:31:20-05:00,2025-11-08 04:49:51.166497689-05:00,MA,549.74,550.58,420.66,421.14,-23.5962,long,closed
2025-11-07 11:03:59-05:00,2025-11-07 14:54:55.524823322-05:00,AMD,233.15,233.54,228.14,228.47,-2.3117,long,closed
2025-11-07 11:05:57-05:00,2025-11-13 16:59:13.531440156-05:00,SNPS,393.19,393.43,405.83,406.31,3.1516,long,closed
2025-11-10 14:16:19-05:00,2025-11-11 16:09:20.271657276-05:00,SNOW,268.16,268.51,271.71,272.05,1.1913,long,closed
2025-11-10 14:22:59-05:00,2025-11-11 08:05:49.190623069-05:00,TSLA,444.78,445.23,350.61,351.30,-21.2522,long,closed
2025-11-11 09:29:08-05:00,2025-11-14 16:27:29.300652220-05:00,NKE,61.69,61.78,57.17,57.26,-7.4597,long,closed
2025-11-11 12:14:26-05:00,2025-11-12 19:40:40.982959066-05:00,IBM,309.39,309.66,305.72,306.28,-1.2740,long,closed
2025-11-12 09:10:57-05:00,2025-11-14 05:57:25.556531083-05:00,INTU,652.01,653.17,570.05,571.13,-12.7253,long,closed
2025-11-12 11:58:06-05:00,2025-11-15 03:26:12.495244763-05:00,AMD,258.63,258.89,201.97,202.14,-21.9877,long,closed
2025-11-12 12:03:40-05:00,2025-11-15 05:12:10.614861353-05:00,V,337.20,337.48,339.11,339.79,-0.4826,short,closed
2025-11-12 13:25:50-05:00,2025-11-12 21:45:18.846954069-05:00,COST,908.79,909.98,858.53,859.97,5.6540,short,closed
2025-11-12 14:31:52-05:00,2025-11-13 00:00:04.989592218-05:00,WMT,102.71,102.82,107.45,107.55,4.4991,long,closed
2025-11-13 10:41:17-05:00,2025-11-13 11:23:03.365264042-05:00,PLTR,171.88,172.14,206.32,206.52,19.8575,long,closed
2025-11-13 12:11:36-05:00,2025-11-14 02:43:33.465980403-05:00,PYPL,64.74,64.77,75.20,75.32,16.0986,long,closed
2025-11-13 13:54:38-05:00,2025-11-14 01:21:03.167885319-05:00,PYPL,64.70,64.77,70.78,70.92,9.2829,long,closed
2025-11-13 15:03:55-05:00,2025-11-15 15:22:08.173320141-05:00,NOW,169.74,169.94,141.67,141.83,-16.6354,long,closed
2025-11-14 11:53:50-05:00,2025-11-14 21:14:13.326091261-05:00,BAC,51.69,51.77,43.06,43.12,-16.8239,long,closed
2025-11-17 13:38:54-05:00,2025-11-17 15:42:44.696270434-05:00,CAT,547.65,548.70,469.05,469.57,-14.5162,long,closed
2025-11-17 14:14:30-05:00,2025-11-22 05:18:10.132051582-05:00,SQ,74.87,75.00,92.51,92.68,23.3509,long,closed
2025-11-19 09:05:00-05:00,2025-11-20 20:02:33.457761612-05:00,MSFT,483.32,484.05,435.66,436.37,-9.9960,long,closed
2025-11-19 10:39:59-05:00,2025-11-25 10:47:30.588804179-05:00,ADBE,317.67,318.11,368.42,368.91,-15.8140,short,closed
2025-11-19 11:06:15-05:00,2025-11-21 07:41:42.950716465-05:00,V,322.20,322.78,381.66,382.08,18.2428,long,closed
2025-11-19 12:12:37-05:00,2025-11-20 09:19:27.000502477-05:00,LRCX,147.99,148.27,134.57,134.78,-9.2432,long,closed
2025-11-20 10:01:02-05:00,2025-11-21 16:43:29.606569255-05:00,SQ,74.96,75.00,53.89,53.97,-28.1472,long,closed
2025-11-20 10:05:51-05:00,2025-11-22 15:13:59.823281815-05:00,ADBE,311.90,312.40,321.85,322.37,3.0254,long,closed
2025-11-20 10:56:57-05:00,2025-11-23 14:11:44.071862487-05:00,V,321.88,322.44,234.34,234.80,27.3233,short,closed
2025-11-20 12:58:52-05:00,2025-11-20 17:12:05.942071059-05:00,MA,524.58,525.30,542.64,543.03,3.3014,long,closed
2025-11-21 13:26:17-05:00,2025-11-22 06:22:36.545153705-05:00,GOOGL,298.90,299.07,248.68,248.87,16.8473,short,closed
2025-11-21 14:49:49-05:00,2025-11-22 07:35:44.121419013-05:00,AAPL,270.69,270.99,329.63,330.29,21.6380,long,closed
2025-11-24 09:13:05-05:00,2025-11-27 01:09:11.052270273-05:00,NFLX,106.89,106.97,129.43,129.64,21.0005,long,closed
2025-11-24 14:27:52-05:00,2025-11-29 09:18:32.721861467-05:00,GS,777.75,779.26,851.65,853.34,9.2892,long,closed
2025-11-25 12:30:19-05:00,2025-11-25 22:47:08.380952856-05:00,COIN,253.82,254.12,280.63,280.82,10.4330,long,closed
2025-11-25 15:59:21-05:00,2025-11-27 08:34:00.975715611-05:00,CRWD,127.91,128.09,157.15,157.45,-22.6860,short,closed
2025-11-26 09:55:55-05:00,2025-11-28 05:19:24.994126521-05:00,CRWD,125.15,125.39,103.21,103.32,-17.6910,long,closed
2025-11-26 10:17:35-05:00,2025-11-26 13:58:00.996622595-05:00,BAC,52.07,52.15,45.53,45.62,-12.6999,long,closed
2025-11-26 11:39:31-05:00,2025-12-07 04:55:10.738394677-05:00,QCOM,162.48,162.65,146.08,146.35,-10.1899,long,closed
2025-11-26 13:47:56-05:00,2025-11-27 00:31:22.769565010-05:00,GS,803.59,804.19,1085.91,1087.99,35.0315,long,closed
2025-11-27 10:03:26-05:00,2025-11-27 16:52:23.059436611-05:00,GS,803.36,804.19,809.51,810.75,0.6616,long,closed
2025-11-27 10:42:26-05:00,2025-11-29 10:43:18.292058468-05:00,NKE,62.88,62.94,76.16,76.22,20.9964,long,closed
2025-11-27 15:03:47-05:00,2025-11-27 19:32:45.515829116-05:00,HD,347.70,348.23,298.13,298.37,-14.3874,long,closed
2025-11-28 09:47:15-05:00,2025-11-28 14:22:47.992436551-05:00,XOM,114.26,114.38,97.12,97.18,-15.0866,long,closed
2025-11-28 13:00:49-05:00,2025-11-30 15:50:23.730256748-05:00,AMZN,232.85,233.22,169.95,170.11,-27.1290,long,closed
2025-12-01 12:59:45-05:00,2025-12-05 19:37:08.755680341-05:00,UNH,316.43,316.77,322.33,322.58,1.7555,long,closed
2025-12-01 14:44:45-05:00,2025-12-02 22:56:07.252199044-05:00,CVX,149.41,149.69,182.71,183.00,22.0570,long,closed
2025-12-01 15:49:49-05:00,2025-12-01 20:01:31.435481847-05:00,CVX,149.45,149.69,158.67,158.81,5.9970,long,closed
2025-12-01 15:50:48-05:00,2025-12-02 23:05:43.344976090-05:00,UNH,316.59,316.77,330.65,330.84,4.3813,long,closed
2025-12-01 15:57:04-05:00,2025-12-06 14:27:26.324121194-05:00,SBUX,83.75,83.87,69.97,70.04,-16.5727,long,closed
2025-12-02 09:30:48-05:00,2025-12-04 19:54:56.268455329-05:00,CSCO,75.64,75.77,75.66,75.75,-0.1421,long,closed
2025-12-02 09:49:38-05:00,2025-12-02 16:07:51.536189173-05:00,BA,205.07,205.38,221.80,222.02,7.9931,long,closed
2025-12-02 15:53:32-05:00,2025-12-03 10:52:32.197520426-05:00,CSCO,75.68,75.77,78.26,78.32,3.2871,long,closed
2025-12-03 10:42:22-05:00,2025-12-13 03:43:17.845739048-05:00,INTU,641.30,641.66,608.62,609.61,-5.1497,long,closed
2025-12-03 10:50:36-05:00,2025-12-04 02:20:12.362074988-05:00,AAPL,283.07,283.62,377.84,378.49,33.2194,long,closed
2025-12-03 15:23:12-05:00,2025-12-06 04:14:32.844138818-05:00,AMAT,267.48,267.96,345.47,346.08,28.9263,long,closed
2025-12-05 11:09:33-05:00,2025-12-06 08:44:47.673323606-05:00,AAPL,278.08,278.26,198.76,198.99,-28.5709,long,closed
2025-12-05 11:58:19-05:00,2025-12-05 19:35:41.708074530-05:00,JPM,310.36,310.63,375.37,375.85,20.8407,long,closed
2025-12-05 12:14:54-05:00,2025-12-08 09:27:55.520269117-05:00,HD,349.32,349.63,303.59,303.97,-13.1673,long,closed
2025-12-05 15:52:31-05:00,2025-12-11 15:52:20.401709602-05:00,LOW,244.28,244.67,265.92,266.33,8.6851,long,closed
2025-12-08 13:32:33-05:00,2025-12-14 01:48:19.207092396-05:00,CRM,257.38,257.80,220.39,220.55,-14.5115,long,closed
2025-12-08 13:47:56-05:00,2025-12-09 03:35:49.101862577-05:00,PYPL,60.69,60.74,82.02,82.17,35.0422,long,closed
2025-12-09 10:59:43-05:00,2025-12-09 14:33:01.810684837-05:00,XOM,116.53,116.68,143.37,143.62,22.8719,long,closed
2025-12-10 14:00:59-05:00,2025-12-14 00:47:05.098851895-05:00,MU,262.97,263.45,289.83,290.12,-10.0115,short,closed
2025-12-10 14:04:55-05:00,2025-12-12 03:00:29.996012905-05:00,V,324.20,324.39,284.01,284.53,-12.4488,long,closed
2025-12-11 10:28:45-05:00,2025-12-16 03:22:02.339961529-05:00,COST,879.96,880.59,1089.24,1090.94,23.6945,long,closed
2025-12-11 12:31:38-05:00,2025-12-13 04:40:49.712981380-05:00,IBM,306.15,306.72,241.51,241.64,-21.2594,long,closed
2025-12-12 10:51:23-05:00,2025-12-13 08:15:53.785837777-05:00,PFE,24.55,24.58,23.78,23.82,-3.2529,long,closed
2025-12-12 11:29:17-05:00,2025-12-12 18:59:01.296206069-05:00,GOOGL,308.53,308.89,345.58,346.19,11.8769,long,closed
2025-12-12 12:04:29-05:00,2025-12-13 09:33:21.956541449-05:00,META,641.89,642.56,725.12,725.77,12.8493,long,closed
2025-12-12 12:18:48-05:00,2025-12-13 12:57:31.896825795-05:00,TXN,176.12,176.45,152.53,152.72,-13.5536,long,closed
2025-12-12 13:49:17-05:00,2025-12-20 14:31:46.587035025-05:00,PFE,24.54,24.58,26.20,26.21,6.5835,long,closed
2025-12-12 15:12:19-05:00,2025-12-13 17:56:06.387377870-05:00,CVX,147.03,147.19,128.61,128.82,-12.6263,long,closed
2025-12-15 10:17:41-05:00,2025-12-20 12:20:43.841219712-05:00,AMZN,222.33,222.54,217.66,218.04,-2.1945,long,closed
2025-12-15 12:14:17-05:00,2025-12-16 15:52:08.680948492-05:00,NOW,152.76,153.04,207.33,207.51,35.4772,long,closed
2025-12-15 13:23:35-05:00,2025-12-19 07:16:21.260797355-05:00,CRM,252.59,252.88,276.40,276.80,9.3022,long,closed
2025-12-16 09:46:40-05:00,2025-12-17 08:53:05.881793865-05:00,JNJ,206.64,207.00,245.71,245.94,-18.7005,short,closed
2025-12-16 10:16:58-05:00,2025-12-16 14:11:40.482779942-05:00,PLTR,187.53,187.75,229.82,229.98,22.4058,long,closed
2025-12-16 12:45:13-05:00,2025-12-17 00:55:25.021353919-05:00,NKE,66.04,66.09,56.96,57.07,-13.8083,long,closed
2025-12-16 13:36:59-05:00,2025-12-17 17:06:29.904405072-05:00,SHOP,162.96,163.14,214.93,215.08,31.7486,long,closed
2025-12-18 15:03:12-05:00,2025-12-20 05:13:44.077202703-05:00,NKE,64.53,64.62,75.18,75.25,16.3429,long,closed
2025-12-19 11:22:47-05:00,2025-12-19 21:24:38.620236502-05:00,NFLX,94.24,94.39,85.78,85.90,-9.1172,long,closed
2025-12-19 14:05:05-05:00,2026-01-03 16:42:47.241855706-05:00,NKE,57.71,57.81,61.85,61.96,6.9932,long,closed
2025-12-22 12:33:00-05:00,2025-12-23 02:30:51.174608317-05:00,NOW,156.60,156.68,160.70,160.82,2.5641,long,closed
2025-12-22 15:51:33-05:00,2025-12-24 10:32:25.723579462-05:00,SHOP,169.41,169.67,190.56,190.81,12.3104,long,closed
2025-12-23 10:44:42-05:00,2025-12-27 19:25:57.141751015-05:00,SQ,74.89,75.00,69.88,70.01,-6.8291,long,closed
2025-12-24 11:43:18-05:00,2025-12-27 06:07:06.726857698-05:00,SBUX,83.41,83.54,98.93,99.08,18.4208,long,closed
2025-12-24 13:14:23-05:00,2025-12-25 10:29:37.647378931-05:00,COST,867.46,868.03,1024.74,1025.28,-18.0530,short,closed
2025-12-25 12:12:46-05:00,2025-12-31 00:58:15.880681359-05:00,TSLA,484.91,485.40,426.45,427.09,-12.1455,long,closed
2025-12-25 12:48:07-05:00,2025-12-27 13:18:47.946608830-05:00,CSCO,76.81,76.90,76.20,76.31,-0.9087,long,closed
2025-12-25 15:16:12-05:00,2025-12-26 09:41:56.410537982-05:00,GS,901.46,902.04,845.40,845.97,-6.2793,long,closed
2025-12-26 09:28:09-05:00,2025-12-27 12:14:29.937380812-05:00,DIS,112.54,112.70,138.74,139.02,23.1026,long,closed
2025-12-26 10:55:26-05:00,2025-12-26 12:41:02.214086714-05:00,V,352.99,353.54,343.21,343.89,-2.9218,long,closed
2025-12-26 11:37:27-05:00,2025-12-27 03:45:11.478545098-05:00,PFE,23.83,23.86,25.05,25.08,4.9866,long,closed
2025-12-26 14:18:45-05:00,2025-12-28 05:18:34.435645985-05:00,JPM,322.71,323.32,323.16,323.40,-0.0510,long,closed
2025-12-29 11:06:20-05:00,2026-01-03 07:00:39.168346476-05:00,PANW,186.75,186.85,161.81,162.06,-13.3996,long,closed
2025-12-29 13:10:47-05:00,2025-12-31 14:10:58.206206775-05:00,GOOGL,312.74,313.15,285.66,286.18,-8.7774,long,closed
2025-12-29 14:29:13-05:00,2025-12-31 05:22:04.548599687-05:00,ADBE,352.78,353.16,388.11,388.54,9.8958,long,closed
2025-12-29 14:37:54-05:00,2026-01-01 11:09:08.973864092-05:00,DIS,113.10,113.32,102.56,102.63,-9.4937,long,closed
2025-12-30 14:29:45-05:00,2025-12-30 17:45:31.490972588-05:00,JNJ,204.41,204.64,270.34,270.63,32.1060,long,closed
2025-12-30 14:52:31-05:00,2026-01-03 15:02:24.098924998-05:00,AVGO,348.32,348.57,280.10,280.48,-19.6443,long,closed
2025-12-31 10:00:15-05:00,2025-12-31 14:35:48.805063191-05:00,AMZN,230.41,230.82,278.08,278.44,20.4729,long,closed
2025-12-31 11:33:18-05:00,2026-01-01 22:12:01.560087514-05:00,ABNB,135.63,135.72,138.47,138.56,2.0277,long,closed
2025-12-31 11:47:58-05:00,2026-01-02 11:02:32.109565260-05:00,SQ,74.92,75.00,63.96,64.07,-14.7207,long,closed
2026-01-01 10:10:24-05:00,2026-01-05 22:15:49.593036245-05:00,JPM,317.33,317.71,288.96,289.12,-9.0480,long,closed
2026-01-01 10:11:25-05:00,2026-01-01 14:58:26.227164038-05:00,WMT,110.78,110.97,107.48,107.54,3.1441,short,closed
2026-01-01 11:48:57-05:00,2026-01-01 13:52:51.907703939-05:00,AMAT,256.07,256.35,246.61,246.88,-3.7999,long,closed
2026-01-01 14:09:39-05:00,2026-01-02 08:56:29.770917405-05:00,AMZN,230.52,230.82,265.54,265.74,15.0434,long,closed
2026-01-05 10:44:23-05:00,2026-01-05 14:16:55.013765112-05:00,AMAT,283.19,283.61,352.66,353.31,24.3473,long,closed
2026-01-05 13:22:54-05:00,2026-01-06 07:26:34.503198398-05:00,PYPL,58.87,58.92,53.52,53.58,-9.1698,long,closed
2026-01-06 10:15:47-05:00,2026-01-07 22:53:20.075664720-05:00,JPM,330.87,331.41,399.63,399.97,20.5834,long,closed
2026-01-06 13:38:00-05:00,2026-01-06 23:14:53.689531744-05:00,LOW,242.42,242.72,216.83,217.14,10.6685,short,closed
2026-01-07 10:00:02-05:00,2026-01-17 13:27:34.033341385-05:00,AMD,209.72,210.02,242.82,243.18,15.6177,long,closed
2026-01-07 10:34:24-05:00,2026-01-07 13:30:39.648383122-05:00,META,646.84,647.53,592.40,593.58,-8.5133,long,closed
2026-01-07 14:46:41-05:00,2026-01-12 20:27:57.446748860-05:00,GE,322.34,322.77,283.47,283.98,-12.1764,long,closed
2026-01-08 11:57:59-05:00,2026-01-11 18:06:07.927486343-05:00,V,350.55,350.78,434.88,435.56,23.9747,long,closed
2026-01-08 13:34:59-05:00,2026-01-08 18:29:38.237853044-05:00,COIN,245.20,245.59,253.95,254.21,3.4048,long,closed
2026-01-09 15:00:00-05:00,2026-01-12 17:41:20.070669988-05:00,CDNS,326.80,327.31,295.60,296.05,-9.6876,long,closed
2026-01-12 11:32:48-05:00,2026-01-12 21:55:29.516539598-05:00,SBUX,88.71,88.86,85.11,85.23,-4.2237,long,closed
2026-01-12 14:46:29-05:00,2026-01-16 22:41:19.404185686-05:00,LRCX,219.82,219.98,277.51,277.84,26.1521,long,closed
2026-01-13 09:05:12-05:00,2026-01-20 01:33:47.862950841-05:00,AAPL,260.31,260.57,287.95,288.10,10.5066,long,closed
2026-01-13 11:11:30-05:00,2026-01-19 17:36:49.025030086-05:00,MU,337.44,337.94,339.71,340.24,0.5247,long,closed
2026-01-13 12:47:03-05:00,2026-01-14 10:55:01.568241862-05:00,TXN,185.23,185.41,190.85,191.10,2.9337,long,closed
2026-01-13 13:59:47-05:00,2026-01-13 19:46:01.370529472-05:00,KLAC,143.53,143.81,142.02,142.11,-1.2429,long,closed
2026-01-13 14:27:15-05:00,2026-01-14 11:31:57.868271302-05:00,INTU,600.38,600.75,679.75,680.22,13.1500,long,closed
2026-01-14 10:50:54-05:00,2026-01-17 00:39:02.214542005-05:00,PYPL,57.27,57.30,66.16,66.24,-15.4640,short,closed
2026-01-14 14:58:10-05:00,2026-01-15 01:27:36.649019795-05:00,IBM,304.62,305.03,348.04,348.33,-14.0988,short,closed
2026-01-16 10:08:02-05:00,2026-01-17 10:52:47.934977184-05:00,SNOW,210.25,210.38,278.42,278.80,32.3425,long,closed
2026-01-16 11:10:50-05:00,2026-01-19 17:14:48.277740432-05:00,AAPL,254.92,255.06,344.75,345.42,35.1650,long,closed
2026-01-16 12:39:04-05:00,2026-01-16 14:36:56.207054333-05:00,CSCO,74.39,74.51,59.98,60.04,-19.5029,long,closed
2026-01-16 14:01:29-05:00,2026-01-17 07:58:25.168367573-05:00,CVX,162.95,163.15,193.93,194.24,18.8653,long,closed
2026-01-19 10:56:52-05:00,2026-01-19 14:26:16.879179038-05:00,LRCX,222.36,222.54,229.16,229.36,2.9749,long,closed
2026-01-19 11:12:20-05:00,2026-01-19 20:27:32.680064001-05:00,TSLA,436.74,437.50,524.09,524.93,19.7911,long,closed
2026-01-19 14:52:50-05:00,2026-01-20 06:03:50.591680724-05:00,WMT,119.02,119.23,102.31,102.49,14.1952,short,closed
2026-01-21 11:36:56-05:00,2026-02-01 07:09:43.671926912-05:00,INTU,520.65,520.99,441.62,442.45,-15.2346,long,closed
2026-01-22 12:08:57-05:00,2026-01-23 05:38:08.056414727-05:00,WMT,117.21,117.36,132.49,132.71,12.8914,long,closed
2026-01-22 12:38:52-05:00,2026-01-22 15:34:01.933578498-05:00,JNJ,215.78,216.09,245.49,245.96,13.6070,long,closed
2026-01-22 12:41:35-05:00,2026-01-23 18:22:24.766952666-05:00,UBER,82.45,82.56,83.39,83.47,1.0026,long,closed
2026-01-22 14:16:56-05:00,2026-01-23 06:53:13.468203033-05:00,INTU,542.51,543.59,518.79,519.47,-4.5627,long,closed
2026-01-22 15:18:52-05:00,2026-01-23 02:09:53.601581261-05:00,ABNB,133.73,133.80,126.01,126.17,-5.8215,long,closed
2026-01-23 09:07:31-05:00,2026-01-26 18:40:36.434626951-05:00,CVX,163.33,163.61,173.91,174.20,6.2949,long,closed
2026-01-26 11:56:07-05:00,2026-02-03 02:01:04.985929670-05:00,GE,293.86,294.26,359.21,359.58,22.0710,long,closed
2026-01-26 15:29:06-05:00,2026-02-01 15:31:13.932256885-05:00,KLAC,153.67,153.91,123.81,123.97,19.5583,short,closed
2026-01-27 11:17:18-05:00,2026-01-27 16:39:05.581912591-05:00,JPM,296.94,297.44,290.89,291.45,-2.2027,long,closed
2026-01-28 09:10:08-05:00,2026-01-28 11:51:55.314885518-05:00,NVDA,191.15,191.29,119.19,119.32,37.6927,short,closed
2026-01-28 10:26:12-05:00,2026-01-28 17:09:03.021902539-05:00,HD,369.59,370.03,380.55,380.94,2.8427,long,closed
2026-01-28 10:35:34-05:00,2026-02-02 22:53:33.155544509-05:00,CAT,639.73,640.87,663.09,663.69,-3.4669,short,closed
2026-01-28 11:20:39-05:00,2026-01-29 21:14:47.132240660-05:00,ADBE,299.37,299.58,335.82,336.32,12.0986,long,closed
2026-01-28 14:29:26-05:00,2026-01-30 17:44:51.691561658-05:00,CVX,166.56,166.76,163.73,163.99,-1.8192,long,closed
2026-01-28 14:34:11-05:00,2026-02-10 23:39:00.762989237-05:00,INTC,48.71,48.78,47.79,47.87,-2.0390,long,closed
2026-01-28 14:34:32-05:00,2026-01-28 19:31:40.264681491-05:00,PANW,183.59,183.74,249.88,250.31,35.9990,long,closed
2026-02-02 11:49:28-05:00,2026-02-07 16:04:21.868013683-05:00,INTU,482.60,483.48,575.74,576.70,19.0832,long,closed
2026-02-02 15:56:44-05:00,2026-02-04 03:44:41.172717329-05:00,LOW,265.93,266.13,247.04,247.53,-7.1748,long,closed
2026-02-03 10:38:34-05:00,2026-02-03 14:56:59.532077163-05:00,UNH,279.89,280.39,299.67,299.82,6.8745,long,closed
2026-02-03 11:53:35-05:00,2026-02-03 17:59:06.087241893-05:00,JNJ,230.17,230.54,200.29,200.68,-13.1222,long,closed
2026-02-03 12:49:38-05:00,2026-02-04 06:28:33.498202969-05:00,CDNS,268.26,268.50,269.44,269.95,0.3490,long,closed
2026-02-03 13:32:36-05:00,2026-02-05 11:41:09.479220168-05:00,TXN,222.73,222.93,216.52,216.66,-2.8773,long,closed
2026-02-05 09:18:00-05:00,2026-02-05 13:27:54.447455551-05:00,INTC,48.18,48.24,46.24,46.30,-4.1539,long,closed
2026-02-05 11:50:31-05:00,2026-02-06 10:49:47.194013179-05:00,TXN,221.29,221.71,206.55,206.92,-6.8372,long,closed
2026-02-05 14:03:46-05:00,2026-02-07 01:00:01.274913875-05:00,CSCO,81.55,81.61,72.94,73.01,-10.6269,long,closed
2026-02-05 14:42:44-05:00,2026-02-05 20:35:10.568817492-05:00,TSLA,396.54,397.21,511.33,511.94,-28.7299,short,closed
2026-02-06 09:54:13-05:00,2026-02-09 09:03:22.890417855-05:00,AAPL,277.28,277.60,262.45,262.80,-5.4591,long,closed
2026-02-06 12:27:22-05:00,2026-02-06 16:24:16.858212735-05:00,CRM,190.19,190.38,223.03,223.17,17.1514,long,closed
2026-02-09 10:33:57-05:00,2026-02-10 11:18:24.516848642-05:00,IBM,292.30,292.51,361.80,362.32,23.6885,long,closed
2026-02-09 14:52:27-05:00,2026-02-11 04:59:36.554893816-05:00,AVGO,342.21,342.68,347.49,347.71,1.4047,long,closed
2026-02-09 15:03:48-05:00,2026-02-10 14:49:10.351315393-05:00,PANW,165.73,166.00,160.35,160.64,3.4037,short,closed
2026-02-10 15:33:29-05:00,2026-02-12 18:20:54.127505958-05:00,TSLA,424.74,425.21,439.89,440.40,3.4528,long,closed
2026-02-12 11:26:59-05:00,2026-02-14 03:16:11.350552301-05:00,HD,384.26,384.74,317.46,317.82,-17.4866,long,closed
2026-02-12 15:21:31-05:00,2026-02-16 15:31:47.224412691-05:00,CSCO,74.27,74.32,67.23,67.32,-9.5381,long,closed
2026-02-13 10:14:31-05:00,2026-02-14 09:39:58.904706913-05:00,GOOGL,304.92,305.32,313.67,314.21,-2.7341,short,closed
2026-02-13 12:00:38-05:00,2026-02-14 19:58:07.865227702-05:00,SBUX,93.15,93.24,86.20,86.32,-7.5478,long,closed
2026-02-16 09:59:40-05:00,2026-02-17 03:44:14.478104160-05:00,GS,895.49,896.45,857.01,857.90,-4.4001,long,closed
2026-02-16 14:26:57-05:00,2026-02-17 03:40:54.521615291-05:00,PFE,26.66,26.67,34.80,34.83,30.4872,long,closed
2026-02-16 14:29:44-05:00,2026-02-17 09:14:33.142585914-05:00,BAC,51.93,51.98,60.32,60.37,16.0466,long,closed
2026-02-16 14:40:58-05:00,2026-02-17 05:01:25.700682903-05:00,NVDA,182.39,182.59,166.62,166.89,-8.7463,long,closed
2026-02-16 15:46:44-05:00,2026-02-18 05:40:16.070687580-05:00,INTC,46.75,46.79,43.89,43.96,-6.1947,long,closed
2026-02-18 12:38:37-05:00,2026-02-19 05:36:46.963826589-05:00,MA,525.39,526.19,674.07,675.31,-28.1032,short,closed
2026-02-19 12:33:10-05:00,2026-02-19 14:17:38.542072130-05:00,UNH,285.73,286.06,335.77,336.02,17.3780,long,closed
2026-02-20 11:18:57-05:00,2026-03-01 23:53:51.268114773-05:00,AMD,199.89,200.15,175.29,175.49,-12.4187,long,closed
2026-02-23 09:37:11-05:00,2026-03-02 09:08:32.866620513-05:00,PLTR,130.48,130.60,115.02,115.16,11.9268,short,closed
2026-02-23 13:48:38-05:00,2026-03-02 13:27:36.870249104-05:00,CRM,177.03,177.26,132.98,133.11,-24.9776,long,closed
2026-02-24 11:58:41-05:00,2026-02-27 22:28:52.107877507-05:00,SQ,74.92,75.00,63.65,63.74,-15.1322,long,closed
2026-02-24 12:03:24-05:00,2026-02-24 23:49:45.636365096-05:00,ADBE,255.03,255.17,263.60,263.77,3.3035,long,closed
2026-02-24 12:10:13-05:00,2026-02-25 13:24:26.018762566-05:00,NFLX,77.95,78.04,56.21,56.27,-27.9729,long,closed
2026-02-24 13:35:04-05:00,2026-02-25 17:11:40.694526572-05:00,IBM,227.32,227.64,188.79,188.98,-17.0669,long,closed
2026-02-25 10:36:07-05:00,2026-02-26 00:36:38.510898033-05:00,NOW,104.07,104.23,132.29,132.38,26.9172,long,closed
2026-02-25 14:54:35-05:00,2026-02-26 22:29:23.434490096-05:00,COIN,183.79,183.94,156.11,156.42,-15.1316,long,closed
2026-02-26 14:20:52-05:00,2026-03-01 23:06:02.456264375-05:00,MU,414.86,415.32,416.93,417.37,0.3880,long,closed
2026-02-27 09:09:19-05:00,2026-02-27 15:17:43.892075802-05:00,AMAT,371.36,371.84,311.59,311.80,-16.2033,long,closed
2026-03-02 10:06:46-05:00,2026-03-03 00:01:27.390841258-05:00,NKE,60.44,60.47,51.37,51.44,-15.0529,long,closed
2026-03-02 12:17:24-05:00,2026-03-04 05:06:44.855313641-05:00,LRCX,230.28,230.56,241.12,241.29,4.5812,long,closed
2026-03-02 12:54:35-05:00,2026-03-03 08:25:21.471442863-05:00,JPM,294.55,294.72,317.07,317.51,7.5842,long,closed
2026-03-02 13:34:58-05:00,2026-03-06 20:58:49.486054479-05:00,LOW,253.89,254.37,194.05,194.15,-23.7131,long,closed
2026-03-03 14:13:51-05:00,2026-03-11 00:51:00.301794486-04:00,PANW,155.91,156.09,152.84,153.14,2.0812,short,closed
2026-03-03 15:22:42-05:00,2026-03-09 07:49:59.368538784-04:00,MSFT,402.26,403.06,379.91,380.18,-5.7446,long,closed
2026-03-04 10:21:23-05:00,2026-03-06 13:39:19.309194938-05:00,SQ,74.88,75.00,75.47,75.56,0.6214,long,closed
2026-03-05 11:39:18-05:00,2026-03-07 11:00:14.137785977-05:00,SNPS,442.06,442.30,343.71,344.36,-22.2901,long,closed
2026-03-05 12:14:03-05:00,2026-03-06 07:39:11.381316371-05:00,CRM,200.10,200.37,219.84,220.17,-9.7157,short,closed
2026-03-05 13:15:29-05:00,2026-03-07 15:12:44.395743027-05:00,SQ,74.87,75.00,53.57,53.63,-28.5767,long,closed
2026-03-05 13:35:49-05:00,2026-03-06 12:41:04.780985480-05:00,JNJ,237.90,238.26,171.08,171.40,-28.1957,long,closed
2026-03-05 13:51:22-05:00,2026-03-09 02:28:00.757459248-04:00,SNPS,441.89,442.30,478.22,478.99,8.1216,long,closed
2026-03-06 10:59:41-05:00,2026-03-07 07:22:51.354385833-05:00,BA,230.99,231.11,235.01,235.47,1.6874,long,closed
2026-03-06 12:46:46-05:00,2026-03-15 07:03:16.243886408-04:00,ORCL,151.75,151.90,159.08,159.26,4.7238,long,closed
2026-03-09 10:14:24-04:00,2026-03-12 13:34:59.073262375-04:00,ORCL,150.35,150.51,118.61,118.69,-21.1972,long,closed
2026-03-09 12:55:52-04:00,2026-03-10 03:00:33.815342141-04:00,DIS,100.75,100.89,117.68,117.87,16.6429,long,closed
2026-03-10 10:16:38-04:00,2026-03-10 16:10:52.279540035-04:00,BAC,48.26,48.31,34.74,34.77,-28.0829,long,closed
2026-03-10 10:24:43-04:00,2026-03-11 03:48:10.107937978-04:00,BA,217.35,217.76,226.62,226.80,4.0689,long,closed
2026-03-10 11:30:43-04:00,2026-03-11 16:27:18.875317603-04:00,ABNB,132.37,132.44,144.38,144.61,9.0182,long,closed
2026-03-10 11:44:29-04:00,2026-03-12 12:46:02.602252592-04:00,MA,512.29,512.98,589.65,590.79,14.9453,long,closed
2026-03-11 13:07:50-04:00,2026-03-13 20:20:33.617582907-04:00,CVX,189.89,190.05,192.50,192.76,1.2880,long,closed
2026-03-12 10:47:01-04:00,2026-03-12 12:24:53.907488283-04:00,SQ,74.95,75.00,73.53,73.61,-1.9555,long,closed
2026-03-12 12:43:30-04:00,2026-03-12 17:21:32.582015277-04:00,JNJ,240.20,240.66,270.78,271.02,12.5152,long,closed
2026-03-12 12:52:46-04:00,2026-03-18 01:40:05.855615260-04:00,HD,336.15,336.41,318.67,319.17,-5.2732,long,closed
2026-03-12 13:13:28-04:00,2026-03-15 05:28:42.828308206-04:00,IBM,245.39,245.87,270.60,271.13,10.0570,long,closed
2026-03-12 15:37:27-04:00,2026-03-18 17:14:16.387790134-04:00,LRCX,209.00,209.34,201.83,202.16,-3.5878,long,closed
2026-03-13 11:31:42-04:00,2026-03-14 19:00:32.852525863-04:00,COIN,195.31,195.53,224.13,224.27,-14.6286,short,closed
2026-03-13 13:43:08-04:00,2026-03-14 03:26:08.862254304-04:00,WMT,125.79,126.02,114.55,114.65,-9.0985,long,closed
2026-03-16 09:13:50-04:00,2026-03-17 15:26:44.532957990-04:00,JPM,282.99,283.43,264.50,264.87,-6.6806,long,closed
2026-03-16 09:31:53-04:00,2026-03-17 03:59:29.941086385-04:00,JNJ,241.38,241.80,171.69,171.89,-28.9963,long,closed
2026-03-17 10:10:49-04:00,2026-03-21 04:53:46.854090585-04:00,SBUX,96.85,97.00,101.01,101.09,4.1378,long,closed
2026-03-17 11:25:10-04:00,2026-03-17 20:33:52.722753581-04:00,SQ,74.96,75.00,66.24,66.35,-11.6769,long,closed
2026-03-17 12:56:32-04:00,2026-03-21 11:01:25.470859814-04:00,MU,460.65,461.43,429.35,429.83,-6.9517,long,closed
2026-03-17 14:38:29-04:00,2026-03-23 17:34:16.341326700-04:00,WMT,124.50,124.59,149.96,150.25,20.3592,long,closed
2026-03-17 15:12:00-04:00,2026-03-17 22:36:01.635201680-04:00,INTC,44.03,44.06,46.25,46.32,4.9659,long,closed
2026-03-17 15:35:10-04:00,2026-03-18 23:47:52.854314853-04:00,SNPS,428.71,429.29,319.49,320.00,-25.5770,long,closed
2026-03-18 12:09:54-04:00,2026-03-19 22:35:50.396182974-04:00,CVX,196.62,196.81,199.92,200.29,1.5813,long,closed
2026-03-18 12:17:45-04:00,2026-03-19 02:12:21.611161901-04:00,ADBE,245.52,246.00,271.47,271.84,10.3518,long,closed
2026-03-18 14:33:00-04:00,2026-03-18 17:24:09.729246845-04:00,ABNB,130.88,131.13,120.66,120.83,-7.9810,long,closed
2026-03-19 09:18:40-04:00,2026-04-09 04:47:32.572014816-04:00,MSFT,387.96,388.18,535.21,536.16,37.8767,long,closed
2026-03-19 12:22:32-04:00,2026-04-07 03:58:59.786759831-04:00,COIN,202.73,202.91,226.41,226.55,11.5807,long,closed
2026-03-19 12:45:37-04:00,2026-03-20 13:43:13.924197799-04:00,INTU,450.99,451.84,568.17,568.60,25.7464,long,closed
2026-03-19 14:48:03-04:00,2026-03-22 13:44:34.094825001-04:00,JNJ,235.80,236.24,235.54,235.85,-0.2966,long,closed
2026-03-20 09:36:43-04:00,2026-03-20 18:58:57.613281813-04:00,CVX,199.53,199.90,169.60,169.84,-15.1594,long,closed
2026-03-20 10:27:14-04:00,2026-03-24 23:26:29.920296080-04:00,KLAC,149.48,149.68,172.56,172.69,15.2887,long,closed
2026-03-20 14:38:13-04:00,2026-03-23 04:10:44.149720900-04:00,GOOGL,300.44,300.82,297.01,297.60,-1.2664,long,closed
2026-03-23 11:11:46-04:00,2026-03-23 21:02:21.125775602-04:00,AMZN,209.74,210.14,156.22,156.41,-25.6576,long,closed
2026-03-23 11:13:59-04:00,2026-03-25 19:04:56.358878776-04:00,SHOP,120.93,121.10,90.04,90.16,-25.6454,long,closed
2026-03-23 13:49:17-04:00,2026-03-24 03:47:45.184705291-04:00,SBUX,93.18,93.28,92.99,93.10,-0.3097,long,closed
2026-03-23 15:47:12-04:00,2026-03-24 04:55:48.282953008-04:00,CRM,193.92,194.19,151.46,151.73,-22.0023,long,closed
2026-03-24 09:27:30-04:00,2026-03-25 02:30:19.534107255-04:00,BAC,47.86,47.89,48.53,48.61,1.3450,long,closed
2026-03-24 10:41:32-04:00,2026-03-30 17:16:08.592577816-04:00,SBUX,91.32,91.44,76.80,76.88,-16.0086,long,closed
2026-03-24 14:42:44-04:00,2026-03-24 16:52:22.034560180-04:00,WMT,121.65,121.82,113.57,113.68,-6.7687,long,closed
2026-03-24 14:57:05-04:00,2026-03-25 01:06:48.390464347-04:00,KLAC,156.23,156.42,152.97,153.18,-2.2055,long,closed
2026-03-24 15:33:12-04:00,2026-03-24 19:29:42.525162127-04:00,SNOW,161.26,161.34,186.69,186.88,15.7117,long,closed
2026-03-26 15:38:41-04:00,2026-03-27 03:28:50.031197754-04:00,IBM,239.67,239.90,257.79,257.93,7.4569,long,closed
2026-03-26 15:58:15-04:00,2026-03-31 01:41:30.293756033-04:00,META,546.39,547.03,545.17,545.46,-0.3393,long,closed
2026-03-27 10:56:07-04:00,2026-03-28 04:16:13.904712358-04:00,PANW,146.87,147.02,150.93,151.09,2.6582,long,closed
2026-03-27 12:58:24-04:00,2026-03-29 12:19:14.357510083-04:00,AMD,201.75,201.99,179.33,179.42,-11.2177,long,closed
2026-03-27 13:25:34-04:00,2026-03-28 02:39:20.348285368-04:00,COST,979.67,980.87,1039.42,1041.32,-5.9690,short,closed
2026-03-27 13:34:32-04:00,2026-04-04 14:50:19.663004389-04:00,XOM,169.62,169.84,157.25,157.47,-7.4140,long,closed
2026-03-27 14:21:51-04:00,2026-03-30 22:28:58.045294592-04:00,COIN,160.84,161.14,194.01,194.35,20.4014,long,closed
2026-03-30 09:22:39-04:00,2026-04-09 00:40:32.633115435-04:00,CDNS,270.37,270.88,261.90,262.13,-3.3146,long,closed
2026-03-30 10:03:11-04:00,2026-03-30 21:57:03.310326774-04:00,AMAT,322.47,322.72,320.25,320.87,-0.7648,long,closed
2026-03-30 10:40:54-04:00,2026-03-31 03:03:06.172375459-04:00,HD,320.76,321.09,377.93,378.60,17.7010,long,closed
2026-03-30 13:28:15-04:00,2026-04-03 03:35:36.676636492-04:00,COIN,160.61,160.79,128.83,129.05,-19.8758,long,closed
2026-03-31 09:55:20-04:00,2026-04-01 21:26:42.434803453-04:00,SHOP,118.49,118.62,119.65,119.79,0.8701,long,closed
2026-03-31 10:12:26-04:00,2026-04-02 04:31:28.397933368-04:00,COIN,174.52,174.61,212.66,212.91,21.7926,long,closed
2026-03-31 12:21:39-04:00,2026-04-01 03:48:01.759977168-04:00,CVX,204.72,205.02,208.30,208.45,1.6009,long,closed
2026-03-31 12:41:23-04:00,2026-04-01 01:48:16.639827769-04:00,CRM,185.47,185.72,209.39,209.50,12.7467,long,closed
2026-03-31 14:22:57-04:00,2026-04-26 21:07:30.303429306-04:00,INTC,44.10,44.13,41.81,41.85,-5.2469,long,closed
2026-04-01 12:56:09-04:00,2026-04-01 17:47:42.967088901-04:00,BA,206.97,207.32,206.11,206.32,-0.5833,long,closed
2026-04-01 13:30:28-04:00,2026-04-02 08:45:35.859844864-04:00,PFE,27.57,27.60,29.78,29.81,7.8831,long,closed
2026-04-02 09:59:39-04:00,2026-04-10 11:44:21.060458432-04:00,MSFT,372.15,372.65,424.65,424.89,13.9543,long,closed
2026-04-02 15:56:19-04:00,2026-04-03 17:57:49.874584584-04:00,SNPS,395.36,395.95,393.03,393.50,-0.7380,long,closed
2026-04-03 10:46:58-04:00,2026-04-05 16:53:14.330734926-04:00,LRCX,217.95,218.29,246.34,246.55,12.8489,long,closed
2026-04-03 14:56:23-04:00,2026-04-07 07:27:50.190884317-04:00,JNJ,241.28,241.65,191.82,192.04,-20.6200,long,closed
2026-04-03 15:20:10-04:00,2026-04-04 11:23:40.564255362-04:00,JPM,291.53,291.79,333.28,333.48,14.2185,long,closed
2026-04-06 09:30:40-04:00,2026-04-10 10:45:43.617299625-04:00,XOM,162.04,162.27,200.25,200.45,23.4069,long,closed
2026-04-06 11:03:18-04:00,2026-04-08 22:11:53.489621001-04:00,NKE,43.58,43.64,33.63,33.69,-22.9477,long,closed
2026-04-06 11:28:54-04:00,2026-04-07 16:21:49.911539962-04:00,BAC,49.72,49.80,53.30,53.41,7.0202,long,closed
2026-04-06 12:03:55-04:00,2026-04-09 18:10:10.229532959-04:00,UNH,279.22,279.76,220.96,221.27,-21.0180,long,closed
2026-04-06 13:26:53-04:00,2026-04-09 17:22:21.938680807-04:00,MU,377.41,377.70,421.92,422.26,11.7070,long,closed
2026-04-06 13:35:46-04:00,2026-04-11 07:23:04.815364756-04:00,SNPS,396.33,397.07,504.19,504.60,26.9778,long,closed
2026-04-07 09:42:32-04:00,2026-04-17 00:13:09.841952631-04:00,XOM,162.56,162.80,225.80,225.95,38.6975,long,closed
2026-04-07 15:02:34-04:00,2026-04-08 06:36:26.726409767-04:00,AMAT,353.20,353.87,352.92,353.20,-0.2691,long,closed
2026-04-07 15:20:10-04:00,2026-04-07 16:07:58.752501077-04:00,PLTR,149.92,150.07,174.52,174.86,16.2927,long,closed
2026-04-07 15:41:45-04:00,2026-04-08 14:15:13.570870925-04:00,ORCL,141.91,142.18,197.49,197.87,38.9004,long,closed
2026-04-08 09:05:53-04:00,2026-04-08 10:33:12.316695733-04:00,TXN,206.46,206.79,244.88,245.10,18.4180,long,closed
2026-04-08 10:43:32-04:00,2026-04-15 06:12:56.882044658-04:00,BA,217.54,217.80,199.37,199.49,8.4624,short,closed
2026-04-08 11:49:07-04:00,2026-04-09 02:31:19.651209497-04:00,UBER,72.26,72.38,84.72,84.77,17.0435,long,closed
2026-04-09 12:10:59-04:00,2026-04-10 00:46:48.917930425-04:00,CRM,170.15,170.41,199.13,199.26,16.8519,long,closed
2026-04-09 13:01:54-04:00,2026-04-13 09:51:04.150157706-04:00,JNJ,239.75,239.93,268.79,269.09,12.0299,long,closed
2026-04-09 14:09:20-04:00,2026-05-21 17:49:41.178801441-04:00,NOW,89.63,89.81,86.24,86.35,-3.9714,long,closed
2026-04-10 09:05:33-04:00,2026-04-11 16:05:10.031845031-04:00,AAPL,260.00,260.24,212.34,212.49,-18.4047,long,closed
2026-04-10 09:28:53-04:00,2026-04-10 22:49:28.797502552-04:00,AVGO,370.26,370.96,404.39,404.61,9.0128,long,closed
2026-04-10 09:59:53-04:00,2026-04-12 03:11:05.442412017-04:00,QCOM,127.40,127.59,108.93,109.02,-14.6274,long,closed
2026-04-10 15:19:39-04:00,2026-04-13 00:58:27.047826545-04:00,CVX,186.47,186.84,227.42,227.55,21.7178,long,closed
2026-04-13 15:41:44-04:00,2026-04-14 02:38:47.905085560-04:00,LRCX,266.68,267.13,277.66,278.16,3.9425,long,closed
2026-04-13 15:41:58-04:00,2026-04-14 05:14:31.261137223-04:00,CVX,189.72,190.04,157.32,157.46,-17.2160,long,closed
2026-04-14 13:10:12-04:00,2026-04-24 22:22:28.532720514-04:00,AMAT,394.94,395.15,281.67,281.86,-28.7180,long,closed
2026-04-14 15:27:45-04:00,2026-04-15 12:26:45.486175116-04:00,AMAT,394.65,395.15,474.97,475.59,20.2011,long,closed
2026-04-15 10:00:58-04:00,2026-04-16 06:35:44.820650088-04:00,NFLX,107.59,107.71,127.42,127.49,18.3037,long,closed
2026-04-15 12:25:06-04:00,2026-04-15 21:17:06.633791843-04:00,CRWD,102.68,102.79,83.87,83.94,-18.4035,long,closed
2026-04-15 13:30:36-04:00,2026-04-16 04:36:45.321057560-04:00,IBM,242.88,243.01,329.88,330.35,35.7463,long,closed
2026-04-15 14:13:29-04:00,2026-04-24 07:02:07.971526814-04:00,WMT,124.40,124.52,93.28,93.39,-25.0890,long,closed
2026-04-16 15:21:48-04:00,2026-04-19 23:30:43.275220540-04:00,LRCX,260.37,260.78,294.36,294.87,-12.8787,short,closed
2026-04-17 09:23:13-04:00,2026-04-18 02:27:03.547803077-04:00,QCOM,135.46,135.70,155.84,155.98,14.8410,long,closed
2026-04-17 09:41:16-04:00,2026-05-05 08:18:33.624997843-04:00,MA,519.92,520.43,452.16,452.67,13.1175,short,closed
2026-04-17 10:31:51-04:00,2026-04-18 08:36:10.089986507-04:00,CRM,181.45,181.67,153.59,153.87,-15.4576,long,closed
2026-04-17 12:44:05-04:00,2026-04-17 14:23:45.005660859-04:00,META,687.38,687.91,568.45,569.29,-17.3650,long,closed
2026-04-17 12:48:45-04:00,2026-04-17 18:23:34.228652715-04:00,GE,303.46,303.75,288.54,289.04,5.0062,short,closed
2026-04-17 12:57:22-04:00,2026-04-18 00:41:08.721236923-04:00,AMZN,250.13,250.56,215.43,215.62,-14.0188,long,closed
2026-04-17 13:03:21-04:00,2026-04-18 13:12:45.564446896-04:00,SBUX,99.26,99.42,107.18,107.31,7.8034,long,closed
2026-04-20 15:45:43-04:00,2026-04-22 11:52:41.900498957-04:00,AMAT,390.70,391.13,397.05,397.34,-1.5123,short,closed
2026-04-21 09:20:53-04:00,2026-04-21 22:02:06.068511041-04:00,PANW,174.73,174.96,162.59,162.90,7.0704,short,closed
2026-04-21 10:12:57-04:00,2026-04-23 04:07:56.418423788-04:00,PFE,26.38,26.40,31.61,31.65,-19.7406,short,closed
2026-04-21 10:15:28-04:00,2026-04-24 18:56:44.302174767-04:00,ADBE,246.75,247.18,220.28,220.52,-10.8832,long,closed
2026-04-21 11:04:22-04:00,2026-04-23 23:23:32.171098326-04:00,IBM,253.59,253.81,232.50,232.86,-8.3979,long,closed
2026-04-21 12:01:33-04:00,2026-04-21 23:41:25.395023479-04:00,SNPS,466.71,467.58,394.08,394.83,-15.7201,long,closed
2026-04-22 11:48:34-04:00,2026-04-23 00:53:27.036109809-04:00,CSCO,89.37,89.47,83.99,84.05,6.1283,short,closed
2026-04-22 14:19:42-04:00,2026-04-25 12:21:41.632811955-04:00,NFLX,93.16,93.24,93.75,93.84,0.5479,long,closed
2026-04-23 11:25:02-04:00,2026-04-23 18:24:06.754781307-04:00,AVGO,418.60,419.28,485.91,486.26,15.8904,long,closed
2026-04-24 11:48:17-04:00,2026-04-24 20:35:53.449837315-04:00,ORCL,172.56,172.68,125.22,125.43,-27.4846,long,closed
2026-04-24 12:31:57-04:00,2026-05-02 21:28:35.971431833-04:00,CAT,827.89,829.25,747.26,748.06,-9.8877,long,closed
2026-04-24 14:41:29-04:00,2026-04-25 09:37:07.309889520-04:00,SNPS,500.45,500.82,405.59,406.16,-19.0154,long,closed
2026-04-27 09:23:48-04:00,2026-05-04 04:10:55.275820667-04:00,CVX,182.89,183.10,153.70,153.95,-16.0564,long,closed
2026-04-27 13:28:41-04:00,2026-05-01 00:18:39.869715957-04:00,TSLA,378.16,378.67,322.35,322.79,-14.8731,long,closed
2026-04-27 13:34:33-04:00,2026-04-30 06:33:37.073953438-04:00,TSLA,378.42,378.67,510.75,511.51,34.8797,long,closed
2026-04-27 14:15:46-04:00,2026-04-27 22:17:00.192382585-04:00,SNPS,498.16,498.54,367.59,367.97,26.2668,short,closed
2026-04-28 13:01:48-04:00,2026-04-28 22:55:03.291377036-04:00,UNH,364.13,364.69,422.59,423.38,15.8763,long,closed
2026-04-28 15:49:30-04:00,2026-04-30 23:35:59.935113620-04:00,XOM,149.40,149.54,165.01,165.28,10.3457,long,closed
2026-04-29 10:54:15-04:00,2026-04-30 01:41:19.961286509-04:00,UBER,74.38,74.47,73.05,73.16,-1.9123,long,closed
2026-04-29 11:25:58-04:00,2026-04-30 07:32:30.672853134-04:00,BA,223.70,224.11,239.16,239.54,6.7137,long,closed
2026-04-29 14:04:58-04:00,2026-04-30 07:24:26.378311708-04:00,CRM,180.48,180.75,192.76,192.99,6.6450,long,closed
2026-04-29 14:06:23-04:00,2026-05-21 21:20:29.223148422-04:00,NKE,43.93,44.00,43.20,43.23,-1.8125,long,closed
2026-04-29 15:10:04-04:00,2026-05-08 16:18:40.973670733-04:00,PANW,181.38,181.54,164.04,164.26,-9.6381,long,closed
2026-04-29 15:20:26-04:00,2026-04-30 11:09:55.487194601-04:00,LOW,231.61,232.07,240.75,241.13,3.7417,long,closed
2026-04-29 15:41:53-04:00,2026-04-29 21:21:44.835495340-04:00,LOW,231.86,232.07,249.11,249.35,7.3417,long,closed
2026-04-30 09:20:04-04:00,2026-05-01 00:40:03.143418215-04:00,SBUX,104.67,104.72,100.37,100.56,-4.1528,long,closed
2026-04-30 10:17:31-04:00,2026-04-30 22:35:43.275214405-04:00,GS,918.31,919.72,974.70,975.28,5.9774,long,closed
2026-04-30 10:22:04-04:00,2026-05-03 12:40:50.665291292-04:00,XOM,153.05,153.29,178.88,179.15,16.6916,long,closed
2026-04-30 11:17:58-04:00,2026-04-30 19:58:02.886628069-04:00,AAPL,270.57,271.10,271.95,272.16,0.3150,long,closed
2026-04-30 12:31:36-04:00,2026-04-30 19:04:23.219594219-04:00,ABNB,140.11,140.36,121.03,121.19,-13.7693,long,closed
2026-04-30 15:59:06-04:00,2026-05-01 06:04:48.677310008-04:00,PYPL,49.93,49.98,53.56,53.66,7.1719,long,closed
2026-05-01 09:46:12-04:00,2026-05-02 05:30:53.067548773-04:00,NKE,43.94,44.01,39.94,40.01,-9.2371,long,closed
2026-05-01 13:50:34-04:00,2026-05-02 01:00:48.909513716-04:00,MSFT,413.10,413.54,465.27,465.94,12.5086,long,closed
2026-05-04 09:12:14-04:00,2026-05-06 13:17:46.445289620-04:00,NKE,42.67,42.71,55.22,55.31,29.2876,long,closed
2026-05-04 11:21:09-04:00,2026-05-04 15:56:15.306057474-04:00,NOW,91.83,91.97,79.10,79.17,-13.9907,long,closed
2026-05-04 11:40:15-04:00,2026-05-04 22:21:30.271776492-04:00,AAPL,276.04,276.58,253.48,253.64,-8.3510,long,closed
2026-05-05 09:52:22-04:00,2026-05-05 11:31:06.294752524-04:00,GE,285.77,286.32,335.33,335.72,17.1180,long,closed
2026-05-05 11:58:21-04:00,2026-05-13 20:25:58.968782014-04:00,TXN,279.16,279.57,351.12,351.45,25.5932,long,closed
2026-05-05 12:36:46-04:00,2026-05-09 14:15:13.969318478-04:00,XOM,153.71,153.84,117.15,117.21,-23.8502,long,closed
2026-05-05 12:38:10-04:00,2026-05-05 19:23:39.148310985-04:00,ABNB,139.57,139.73,119.66,119.84,-14.3621,long,closed
2026-05-05 14:40:45-04:00,2026-05-07 05:00:41.753107608-04:00,GE,286.12,286.32,289.37,289.56,-1.0639,short,closed
2026-05-06 11:51:19-04:00,2026-05-07 09:54:16.365861177-04:00,KLAC,181.06,181.40,151.45,151.75,-16.5128,long,closed
2026-05-06 12:22:29-04:00,2026-05-06 16:51:48.409344892-04:00,COIN,197.63,197.96,203.01,203.40,2.5494,long,closed
2026-05-06 14:29:47-04:00,2026-05-07 07:07:03.707093195-04:00,CSCO,91.20,91.30,114.31,114.42,25.2021,long,closed
2026-05-07 11:25:20-04:00,2026-05-08 07:25:22.638142032-04:00,PFE,25.56,25.60,29.51,29.55,15.2726,long,closed
2026-05-07 11:44:42-04:00,2026-05-09 02:19:48.470408931-04:00,ORCL,193.77,193.92,185.81,186.00,-4.1811,long,closed
2026-05-07 11:44:51-04:00,2026-05-14 21:39:12.546399540-04:00,SNPS,504.77,505.19,359.58,360.06,-28.8236,long,closed
2026-05-07 12:54:14-04:00,2026-05-07 19:27:04.018213306-04:00,ORCL,193.60,193.92,201.77,201.88,4.0494,long,closed
2026-05-08 09:54:56-04:00,2026-05-15 19:05:40.244456807-04:00,XOM,143.32,143.60,137.52,137.78,4.2339,short,closed
2026-05-08 15:35:37-04:00,2026-05-09 05:45:12.906092250-04:00,BA,237.21,237.36,267.90,268.08,-12.8654,short,closed
2026-05-11 10:45:03-04:00,2026-05-12 23:53:19.610653221-04:00,SBUX,105.07,105.12,78.10,78.17,-25.6999,long,closed
2026-05-11 10:47:23-04:00,2026-05-13 17:36:54.560942873-04:00,PYPL,44.89,44.92,51.55,51.62,14.7698,long,closed
2026-05-11 10:51:22-04:00,2026-05-11 17:59:39.513050537-04:00,AMAT,442.61,443.07,369.23,369.90,-16.6652,long,closed
2026-05-11 12:59:43-04:00,2026-05-17 21:17:23.806824439-04:00,IBM,223.31,223.55,250.12,250.38,11.8846,long,closed
2026-05-11 13:14:17-04:00,2026-05-12 09:50:30.845871150-04:00,SQ,74.95,75.00,53.98,54.02,-28.0317,long,closed
2026-05-11 13:20:57-04:00,2026-05-11 23:11:28.579314281-04:00,BAC,50.22,50.29,50.92,50.96,1.2562,long,closed
2026-05-11 14:56:03-04:00,2026-05-13 01:45:45.728511386-04:00,GS,939.20,940.71,1105.49,1106.90,17.5163,long,closed
2026-05-11 14:57:54-04:00,2026-05-12 10:31:50.637174471-04:00,AMAT,442.47,443.07,558.04,558.35,25.9494,long,closed
2026-05-12 09:09:26-04:00,2026-05-12 23:54:55.108262021-04:00,GOOGL,386.53,387.12,292.76,293.33,-24.3741,long,closed
2026-05-13 10:35:01-04:00,2026-05-13 23:19:26.217044549-04:00,META,615.28,616.06,681.62,682.36,10.6425,long,closed
2026-05-13 12:19:04-04:00,2026-05-15 07:51:01.128950054-04:00,XOM,150.40,150.55,138.51,138.65,-7.9947,long,closed
2026-05-13 12:19:12-04:00,2026-05-15 15:38:52.484468255-04:00,CVX,183.98,184.31,189.09,189.19,2.5915,long,closed
2026-05-13 13:47:21-04:00,2026-05-29 12:26:06.987295546-04:00,HD,300.08,300.30,323.43,323.95,7.7039,long,closed
2026-05-14 09:57:42-04:00,2026-05-16 14:07:10.857884183-04:00,HD,301.53,302.08,302.66,303.14,0.1923,long,closed
2026-05-14 11:28:15-04:00,2026-05-18 23:15:35.953662463-04:00,AVGO,438.83,439.10,483.49,483.92,10.1092,long,closed
2026-05-14 12:00:16-04:00,2026-05-15 22:59:01.978635441-04:00,AAPL,297.62,298.21,342.91,343.24,-14.9890,short,closed
2026-05-14 14:28:03-04:00,2026-06-02 16:31:15.873899586-04:00,AAPL,297.97,298.21,192.56,192.90,35.4280,short,closed
2026-05-14 14:53:55-04:00,2026-05-15 07:37:25.571686307-04:00,AMD,448.93,449.70,438.26,439.09,-2.5445,long,closed
2026-05-15 10:11:58-04:00,2026-05-21 02:47:58.283362707-04:00,SNPS,501.94,502.42,502.87,503.77,0.0895,long,closed
2026-05-15 11:01:06-04:00,2026-05-16 04:01:05.517389373-04:00,TSLA,421.42,422.24,500.23,500.88,18.4698,long,closed
2026-05-15 11:49:20-04:00,2026-05-18 23:20:43.235021169-04:00,AMZN,263.69,264.14,363.58,363.92,37.6456,long,closed
2026-05-15 12:52:02-04:00,2026-05-18 13:34:09.038937862-04:00,AMD,423.36,424.10,364.90,365.31,-13.9581,long,closed
2026-05-18 09:22:52-04:00,2026-05-20 01:31:49.051158437-04:00,V,332.04,332.64,371.19,371.87,11.5891,long,closed
2026-05-18 09:58:53-04:00,2026-05-18 13:17:56.220296144-04:00,COIN,189.15,189.44,209.14,209.39,10.3996,long,closed
2026-05-18 10:19:23-04:00,2026-05-21 21:09:16.382396557-04:00,UBER,74.97,75.08,102.73,102.93,36.8304,long,closed
2026-05-18 12:38:27-04:00,2026-05-18 20:51:05.328490101-04:00,LOW,216.42,216.68,196.19,196.43,-9.4550,long,closed
2026-05-18 13:27:55-04:00,2026-05-19 12:12:46.548932310-04:00,TXN,298.69,299.07,300.32,300.80,0.4195,long,closed
2026-05-18 14:01:15-04:00,2026-05-18 15:24:35.363555889-04:00,DIS,103.03,103.12,79.64,79.70,-22.7718,long,closed
2026-05-18 15:02:51-04:00,2026-05-18 23:48:28.224977526-04:00,PFE,24.84,24.89,20.46,20.48,-17.8070,long,closed
2026-05-18 15:36:18-04:00,2026-05-19 05:36:48.782194166-04:00,V,332.10,332.64,360.93,361.65,8.5049,long,closed
2026-05-19 09:17:38-04:00,2026-05-20 21:44:32.480471249-04:00,META,601.16,602.05,545.80,546.19,-9.3433,long,closed
2026-05-19 09:32:31-04:00,2026-07-03 20:00:22.449087717-04:00,SNOW,169.42,169.55,219.32,219.52,29.3525,long,closed
2026-05-19 10:33:26-04:00,2026-05-19 11:30:03.188323673-04:00,PANW,239.77,240.13,283.28,283.57,17.9708,long,closed
2026-05-19 11:02:01-04:00,2026-05-19 14:25:27.897410796-04:00,INTU,397.65,397.95,382.66,383.18,-3.8421,long,closed
2026-05-19 11:29:43-04:00,2026-05-21 23:49:50.594212155-04:00,AMAT,405.76,406.40,292.22,292.49,-28.0945,long,closed
2026-05-19 12:15:52-04:00,2026-05-20 06:50:42.325932454-04:00,WMT,134.02,134.20,156.23,156.53,16.4154,long,closed
2026-05-19 12:38:14-04:00,2026-05-20 03:01:21.984716180-04:00,SHOP,100.84,101.01,117.76,117.92,16.5782,long,closed
2026-05-19 14:35:23-04:00,2026-05-19 22:41:47.703274487-04:00,PLTR,135.03,135.26,117.09,117.28,-13.4301,long,closed
2026-05-20 10:22:38-04:00,2026-05-22 13:39:58.253155002-04:00,QCOM,201.61,201.76,223.38,223.49,10.7171,long,closed
2026-05-20 10:49:57-04:00,2026-05-23 11:57:29.394491296-04:00,PANW,246.23,246.66,240.17,240.58,-2.6321,long,closed
2026-05-20 13:04:12-04:00,2026-05-29 15:24:29.433251761-04:00,CAT,870.15,870.94,898.80,899.87,3.1989,long,closed
2026-05-20 13:37:57-04:00,2026-05-26 07:39:27.222854533-04:00,CRWD,162.25,162.53,224.44,224.69,38.0941,long,closed
2026-05-20 14:54:50-04:00,2026-05-21 01:06:15.304288482-04:00,PLTR,136.97,137.15,133.08,133.29,2.9662,short,closed
2026-05-21 10:26:58-04:00,2026-05-24 01:31:35.070682628-04:00,CVX,190.76,191.01,168.69,168.90,-11.6869,long,closed
2026-05-21 12:01:36-04:00,2026-05-22 16:57:20.777146270-04:00,AVGO,413.10,413.91,432.03,432.31,4.3767,long,closed
2026-05-21 12:03:13-04:00,2026-05-23 02:05:38.924565356-04:00,AVGO,413.13,413.91,381.91,382.33,-7.7312,long,closed
2026-05-22 12:13:24-04:00,2026-05-22 22:19:27.681114614-04:00,LOW,213.51,213.71,235.56,235.75,10.2246,long,closed
2026-05-22 13:02:52-04:00,2026-05-24 06:07:54.411221545-04:00,QCOM,237.14,237.28,266.40,266.83,12.2733,long,closed
2026-05-22 14:45:04-04:00,2026-05-26 01:49:29.864138428-04:00,PFE,25.40,25.45,28.74,28.77,12.9146,long,closed
2026-05-25 13:08:30-04:00,2026-05-28 11:28:38.832592862-04:00,INTC,119.69,119.84,103.23,103.39,-13.8630,long,closed
2026-05-25 13:59:35-04:00,2026-05-29 01:46:04.418626461-04:00,SNOW,172.11,172.20,141.65,141.79,-17.7419,long,closed
2026-05-25 14:53:06-04:00,2026-05-25 17:30:33.005823998-04:00,MU,750.43,750.88,650.60,651.48,-13.3553,long,closed
2026-05-25 15:17:49-04:00,2026-05-28 17:26:47.900035135-04:00,MSFT,418.06,418.57,371.79,372.47,-11.1765,long,closed
2026-05-25 15:25:04-04:00,2026-05-26 17:37:59.981701231-04:00,AMZN,265.88,266.32,231.95,232.13,-12.9054,long,closed
2026-05-26 11:46:07-04:00,2026-05-26 20:50:20.791674889-04:00,JNJ,230.02,230.18,229.17,229.62,-0.4408,long,closed
2026-05-26 11:46:44-04:00,2026-05-27 05:39:38.655327661-04:00,CVX,184.58,184.71,184.82,185.18,0.0611,long,closed
2026-05-26 12:01:14-04:00,2026-05-29 00:02:07.779024308-04:00,WMT,118.48,118.57,117.05,117.27,-1.2779,long,closed
2026-05-26 12:14:07-04:00,2026-05-27 03:48:27.596343294-04:00,CDNS,381.53,381.75,494.89,495.44,29.6370,long,closed
2026-05-26 12:14:21-04:00,2026-05-28 01:56:07.269864524-04:00,AVGO,420.64,421.34,376.93,377.65,-10.5393,long,closed
2026-05-26 13:43:15-04:00,2026-05-27 20:08:04.185885121-04:00,AMZN,265.10,265.29,305.14,305.60,15.0217,long,closed
2026-05-26 13:54:14-04:00,2026-06-03 03:24:45.541132544-04:00,NFLX,87.55,87.68,98.99,99.11,12.9033,long,closed
2026-05-26 13:57:52-04:00,2026-05-27 00:56:18.263082133-04:00,CVX,184.52,184.71,230.49,230.93,24.7844,long,closed
2026-05-27 09:50:12-04:00,2026-05-28 01:40:56.098927630-04:00,IBM,254.87,255.20,253.04,253.36,-0.8448,long,closed
2026-05-27 09:52:20-04:00,2026-05-28 01:33:37.027924537-04:00,UBER,70.69,70.73,79.39,79.44,12.2401,long,closed
2026-05-27 11:30:07-04:00,2026-05-27 13:47:40.120542834-04:00,DIS,103.25,103.39,80.26,80.31,-22.3747,long,closed
2026-05-27 11:59:41-04:00,2026-05-27 21:26:33.653418521-04:00,NVDA,212.16,212.35,202.39,202.67,-4.6882,long,closed
2026-05-27 12:01:17-04:00,2026-05-28 03:39:30.756483328-04:00,SBUX,102.05,102.10,93.81,93.94,-8.1205,long,closed
2026-05-27 12:08:27-04:00,2026-06-04 08:07:17.568221879-04:00,COST,1000.68,1002.10,832.01,833.56,-16.9733,long,closed
2026-05-27 14:45:08-04:00,2026-05-28 12:35:48.186573501-04:00,QCOM,232.41,232.54,272.72,273.23,17.2780,long,closed
2026-05-28 09:54:27-04:00,2026-06-02 23:46:26.611531558-04:00,COIN,182.12,182.25,156.77,157.05,-13.9786,long,closed
2026-05-28 10:58:24-04:00,2026-05-28 16:04:28.292749993-04:00,IBM,263.87,264.22,267.11,267.34,1.0946,long,closed
2026-05-28 15:07:41-04:00,2026-05-30 18:48:03.529301940-04:00,SBUX,100.65,100.75,83.19,83.33,-17.4252,long,closed
2026-05-29 13:29:06-04:00,2026-05-30 06:18:07.452887259-04:00,MA,492.61,493.15,573.66,574.51,16.3261,long,closed
2026-05-29 14:17:27-04:00,2026-05-29 18:00:15.643147999-04:00,QCOM,249.74,250.10,239.53,239.92,-4.2247,long,closed
2026-06-01 09:39:19-04:00,2026-06-03 06:59:44.173815656-04:00,SHOP,123.93,124.12,132.04,132.19,6.3830,long,closed
2026-06-01 12:55:05-04:00,2026-06-02 08:06:25.426762176-04:00,JNJ,223.07,223.51,273.07,273.37,22.1725,long,closed
2026-06-01 14:41:31-04:00,2026-06-14 22:32:58.462031470-04:00,AMAT,457.52,458.17,536.92,537.52,17.1883,long,closed
2026-06-01 14:45:30-04:00,2026-06-01 16:49:52.134642465-04:00,NKE,45.85,45.93,40.94,40.97,-10.8693,long,closed
2026-06-01 14:53:35-04:00,2026-06-02 11:11:47.593073777-04:00,BAC,51.19,51.24,32.34,32.36,36.8789,short,closed
2026-06-01 14:57:16-04:00,2026-06-01 23:26:29.332592615-04:00,CSCO,120.65,120.88,166.05,166.23,37.3706,long,closed
2026-06-01 15:37:05-04:00,2026-06-03 10:35:32.150029322-04:00,CRM,208.77,209.06,236.06,236.33,12.9158,long,closed
2026-06-02 09:03:38-04:00,2026-06-02 12:14:34.744985775-04:00,COIN,173.72,173.99,167.07,167.26,-3.9745,long,closed
2026-06-02 10:31:51-04:00,2026-06-03 03:17:11.265131675-04:00,CVX,187.27,187.55,191.03,191.40,1.8538,long,closed
2026-06-02 13:57:55-04:00,2026-06-05 19:37:48.360198278-04:00,AAPL,314.80,315.20,340.60,340.98,8.0590,long,closed
2026-06-02 14:57:28-04:00,2026-06-07 22:34:37.620282494-04:00,COIN,173.89,173.99,214.33,214.46,23.1873,long,closed
2026-06-02 15:24:50-04:00,2026-06-04 02:11:12.074441782-04:00,MU,1062.29,1063.94,1018.23,1019.04,-4.2966,long,closed
2026-06-02 15:55:49-04:00,2026-06-03 17:12:56.778320938-04:00,SHOP,116.79,117.01,108.10,108.16,-7.6122,long,closed
2026-06-03 13:52:12-04:00,2026-06-06 11:43:17.120941928-04:00,AMZN,249.68,250.02,275.43,275.64,10.1650,long,closed
2026-06-03 14:09:53-04:00,2026-06-03 18:40:44.653961667-04:00,CSCO,125.79,126.03,121.23,121.39,-3.8057,long,closed
2026-06-03 15:56:21-04:00,2026-06-09 22:41:47.255819800-04:00,MU,1077.43,1079.40,941.13,941.89,-12.8102,long,closed
2026-06-04 11:41:38-04:00,2026-06-05 19:04:57.518835092-04:00,ABNB,133.63,133.72,104.98,105.14,-21.4898,long,closed
2026-06-04 14:43:37-04:00,2026-06-09 23:28:14.257729413-04:00,BA,217.05,217.42,249.94,250.33,14.9571,long,closed
2026-06-04 15:36:12-04:00,2026-06-05 07:10:06.314525602-04:00,IBM,301.53,301.77,369.84,370.38,22.5575,long,closed
2026-06-05 09:20:33-04:00,2026-06-05 21:34:06.674875253-04:00,MA,489.57,490.26,357.79,358.40,-27.0194,long,closed
2026-06-05 09:59:31-04:00,2026-06-06 18:52:37.710205103-04:00,BAC,53.75,53.83,47.16,47.20,-12.3950,long,closed
2026-06-05 10:59:29-04:00,2026-06-10 20:50:17.845691585-04:00,CVX,187.12,187.31,202.86,203.04,8.3029,long,closed
2026-06-05 11:30:59-04:00,2026-06-05 21:18:51.312452598-04:00,CRM,185.07,185.18,181.17,181.42,-2.1660,long,closed
2026-06-05 13:20:58-04:00,2026-06-05 17:48:42.519482080-04:00,SQ,74.95,75.00,77.91,77.99,3.8827,long,closed
2026-06-05 14:18:12-04:00,2026-06-06 06:21:37.533017327-04:00,UBER,70.66,70.71,56.98,57.04,-19.4192,long,closed
2026-06-08 12:25:53-04:00,2026-06-08 15:17:54.537553234-04:00,HD,309.26,309.71,306.82,307.28,-0.9342,long,closed
2026-06-09 09:11:37-04:00,2026-06-09 19:20:52.400689957-04:00,XOM,148.66,148.91,158.44,158.72,6.4025,long,closed
2026-06-09 10:28:03-04:00,2026-06-09 18:50:34.873487397-04:00,IBM,277.02,277.49,261.41,261.58,-5.7948,long,closed
2026-06-09 10:43:13-04:00,2026-06-10 01:20:01.792210920-04:00,ABNB,131.16,131.35,148.10,148.36,12.7495,long,closed
2026-06-09 11:42:53-04:00,2026-06-10 18:05:45.271419303-04:00,GS,1030.08,1032.01,1002.67,1003.74,-2.8433,long,closed
2026-06-09 12:38:55-04:00,2026-06-09 21:04:52.907796461-04:00,TXN,286.77,287.16,268.15,268.43,-6.6203,long,closed
2026-06-09 13:24:33-04:00,2026-06-10 01:28:44.247064536-04:00,NOW,106.91,106.97,133.62,133.82,24.9161,long,closed
2026-06-09 14:12:27-04:00,2026-07-11 10:26:43.082571836-04:00,JPM,311.12,311.30,367.52,368.05,18.0606,long,closed
2026-06-09 14:14:08-04:00,2026-06-12 10:11:22.572792622-04:00,LRCX,326.32,326.93,379.96,380.45,16.2217,long,closed
2026-06-09 14:35:45-04:00,2026-06-12 02:11:30.405119305-04:00,WMT,118.81,118.88,111.93,112.13,-5.8502,long,closed
2026-06-09 14:44:22-04:00,2026-06-18 00:59:42.150643702-04:00,CAT,912.42,913.01,845.04,845.58,7.4446,short,closed
2026-06-09 15:28:38-04:00,2026-06-10 19:24:18.413431494-04:00,NOW,106.77,106.97,128.71,128.83,20.3251,long,closed
2026-06-10 10:51:50-04:00,2026-06-22 04:25:08.429595916-04:00,GS,1000.70,1001.29,1028.43,1029.26,2.7103,long,closed
2026-06-10 11:49:28-04:00,2026-07-13 07:30:32.057806936-04:00,CAT,854.10,854.57,947.68,948.22,10.8961,long,closed
2026-06-10 11:50:57-04:00,2026-06-10 18:31:45.893237093-04:00,HD,318.50,318.92,398.65,399.27,24.9997,long,closed
2026-06-10 11:54:54-04:00,2026-06-10 22:17:21.567051758-04:00,CRM,170.39,170.48,149.10,149.23,-12.5403,long,closed
2026-06-10 12:49:03-04:00,2026-06-11 01:45:21.545556992-04:00,GS,1000.73,1001.29,989.12,990.14,-1.2157,long,closed
2026-06-10 13:56:05-04:00,2026-06-11 21:48:56.816327058-04:00,UNH,404.42,405.15,386.05,386.37,-4.7143,long,closed
2026-06-10 14:19:47-04:00,2026-06-10 18:06:52.744208589-04:00,XOM,150.35,150.62,108.96,109.12,-27.6607,long,closed
2026-06-10 14:29:43-04:00,2026-06-10 16:57:39.866933268-04:00,UBER,68.55,68.61,70.64,70.68,2.9518,long,closed
2026-06-10 14:32:44-04:00,2026-06-19 13:14:43.185833351-04:00,NOW,105.97,106.06,119.81,120.00,12.9669,long,closed
2026-06-11 09:04:23-04:00,2026-06-17 14:50:51.945316401-04:00,AMD,487.99,488.45,539.80,540.71,10.5133,long,closed
2026-06-11 10:05:15-04:00,2026-06-12 06:43:39.517394998-04:00,PANW,278.98,279.53,279.68,280.22,0.0549,long,closed
2026-06-11 11:07:42-04:00,2026-06-12 07:21:02.074752456-04:00,CDNS,383.39,383.74,382.17,382.61,-0.4103,long,closed
2026-06-11 14:11:35-04:00,2026-06-12 08:14:15.841611466-04:00,PFE,25.69,25.72,26.10,26.13,1.4757,long,closed
2026-06-11 14:13:21-04:00,2026-06-14 03:19:40.663494179-04:00,CRWD,172.64,172.88,194.95,195.20,12.7654,long,closed
2026-06-12 10:54:29-04:00,2026-06-12 19:58:06.210001279-04:00,PANW,279.20,279.62,268.46,268.95,-3.9915,long,closed
2026-06-12 11:34:36-04:00,2026-06-13 06:41:22.897086538-04:00,BA,218.67,219.05,276.23,276.73,26.1049,long,closed
2026-06-12 12:21:36-04:00,2026-06-18 15:04:27.733643368-04:00,CVX,187.00,187.22,192.82,192.95,2.9904,long,closed
2026-06-12 13:33:41-04:00,2026-06-13 07:07:27.683224078-04:00,KLAC,254.06,254.54,297.72,298.07,16.9635,long,closed
2026-06-12 13:40:11-04:00,2026-06-13 04:08:29.367663189-04:00,GE,334.38,334.88,288.42,288.61,13.8733,short,closed
2026-06-12 14:58:30-04:00,2026-06-13 07:54:03.340620594-04:00,JNJ,240.60,240.87,172.27,172.54,-28.4808,long,closed
2026-06-12 15:19:46-04:00,2026-06-12 21:59:25.785766470-04:00,HD,328.21,328.39,332.36,332.61,1.2084,long,closed
2026-06-15 09:55:15-04:00,2026-06-18 08:14:28.026324883-04:00,LRCX,387.89,388.65,399.29,399.57,-2.7368,short,closed
2026-06-15 12:00:54-04:00,2026-06-18 08:43:56.838192557-04:00,ADBE,205.99,206.36,164.71,164.93,-20.1848,long,closed
2026-06-15 12:11:40-04:00,2026-06-18 23:27:09.307378787-04:00,ORCL,191.75,191.97,251.10,251.46,30.8011,long,closed
2026-06-15 12:35:15-04:00,2026-06-21 03:32:51.609317279-04:00,SBUX,101.51,101.59,75.52,75.63,-25.6668,long,closed
2026-06-15 14:10:42-04:00,2026-06-17 15:38:07.832369811-04:00,GS,1075.61,1076.17,1475.83,1478.12,37.1368,long,closed
2026-06-15 15:40:33-04:00,2026-06-16 05:02:14.850806694-04:00,TSLA,410.81,411.15,477.28,477.90,16.0840,long,closed
2026-06-16 09:11:39-04:00,2026-06-17 05:33:03.368901589-04:00,GS,1088.99,1090.67,1324.31,1325.57,-21.4213,short,closed
2026-06-16 10:11:19-04:00,2026-06-17 11:51:10.404244235-04:00,SNPS,447.59,448.38,478.66,479.42,6.7522,long,closed
2026-06-16 11:14:04-04:00,2026-06-17 03:49:24.216450940-04:00,COST,983.67,985.11,989.36,990.81,0.4313,long,closed
2026-06-16 11:35:11-04:00,2026-06-17 11:16:55.531212685-04:00,AMAT,567.20,568.23,681.43,682.57,19.9223,long,closed
2026-06-16 11:42:12-04:00,2026-06-17 16:33:32.845617955-04:00,JNJ,234.94,235.18,174.93,175.26,25.6192,short,closed
2026-06-16 11:56:54-04:00,2026-06-17 06:50:22.035950790-04:00,COST,983.85,985.11,939.49,940.31,-4.6310,long,closed
2026-06-16 12:21:28-04:00,2026-06-20 01:48:16.777767696-04:00,CRWD,169.78,169.87,142.10,142.24,-16.3493,long,closed
2026-06-16 13:47:27-04:00,2026-06-16 18:34:47.286795141-04:00,LOW,222.41,222.64,271.46,271.63,21.9293,long,closed
2026-06-16 14:12:49-04:00,2026-06-17 20:14:40.335594303-04:00,SBUX,101.53,101.68,88.67,88.72,-12.7948,long,closed
2026-06-16 14:36:47-04:00,2026-06-18 08:30:41.556035990-04:00,MU,1019.62,1020.60,1243.84,1245.44,21.8734,long,closed
2026-06-16 14:57:33-04:00,2026-06-21 10:44:46.732326529-04:00,ORCL,187.50,187.68,133.41,133.65,-28.9140,long,closed
2026-06-16 15:49:47-04:00,2026-06-21 18:21:16.366315654-04:00,LOW,222.44,222.64,199.95,200.24,-10.1933,long,closed
2026-06-17 09:21:04-04:00,2026-06-28 04:23:56.593476346-04:00,IBM,262.10,262.35,275.41,275.87,4.9779,long,closed
2026-06-17 09:27:34-04:00,2026-06-17 18:43:48.656886644-04:00,V,330.20,330.38,365.90,366.39,10.7507,long,closed
2026-06-17 09:43:52-04:00,2026-06-21 15:55:42.118530260-04:00,KLAC,238.41,238.73,258.83,258.99,8.4215,long,closed
2026-06-17 09:46:38-04:00,2026-06-21 13:55:07.276176335-04:00,PYPL,42.05,42.08,43.03,43.06,2.2554,long,closed
2026-06-17 11:03:36-04:00,2026-07-02 16:53:33.533964026-04:00,UBER,70.84,70.91,71.32,71.40,-0.5720,short,closed
2026-06-17 11:27:50-04:00,2026-06-18 16:07:44.033754252-04:00,SNPS,461.24,461.74,334.29,334.94,-27.6025,long,closed
2026-06-17 11:50:13-04:00,2026-06-17 19:49:50.824790126-04:00,GS,1097.44,1099.14,1255.09,1256.12,14.1882,long,closed
2026-06-17 12:44:02-04:00,2026-06-18 01:33:10.946983138-04:00,GS,1098.16,1099.14,1318.51,1319.88,19.9586,long,closed
2026-06-17 13:23:07-04:00,2026-06-18 10:50:52.402209983-04:00,NVDA,204.43,204.65,246.67,247.11,20.5304,long,closed
2026-06-17 14:14:53-04:00,2026-06-18 07:36:33.357644628-04:00,NVDA,204.52,204.65,241.26,241.44,17.8906,long,closed
2026-06-17 15:20:17-04:00,2026-06-19 09:36:29.581626265-04:00,TXN,299.85,300.34,349.12,349.48,-16.2403,short,closed
2026-06-18 09:06:30-04:00,2026-06-18 23:35:35.358829720-04:00,UBER,71.55,71.64,64.06,64.13,-10.5782,long,closed
2026-06-18 09:08:25-04:00,2026-06-22 18:30:11.857562272-04:00,ORCL,183.36,183.65,200.11,200.28,8.9626,long,closed
2026-06-18 13:12:17-04:00,2026-06-19 09:12:34.711078649-04:00,XOM,137.66,137.81,159.40,159.54,-15.6661,short,closed
2026-06-18 13:50:20-04:00,2026-06-19 22:03:31.442806864-04:00,WMT,116.96,117.18,136.07,136.30,16.1187,long,closed
2026-06-18 14:25:33-04:00,2026-06-20 01:48:10.280259942-04:00,ADBE,194.85,195.16,188.89,189.13,-3.2121,long,closed
2026-06-18 15:34:55-04:00,2026-06-19 15:24:53.094778199-04:00,SQ,74.90,75.00,63.93,63.97,-14.7567,long,closed
2026-06-18 15:45:33-04:00,2026-06-29 13:58:24.951174265-04:00,PLTR,128.22,128.47,158.06,158.19,23.0353,long,closed
2026-06-19 09:20:03-04:00,2026-06-26 15:20:02.362261980-04:00,XOM,137.66,137.81,130.80,130.91,-5.0868,long,closed
2026-06-19 10:06:03-04:00,2026-06-20 01:40:28.232959330-04:00,COST,949.32,949.94,1255.87,1258.00,32.2052,long,closed
2026-06-19 10:08:16-04:00,2026-06-24 05:01:31.025023470-04:00,INTC,133.83,133.99,166.21,166.41,24.0479,long,closed
2026-06-19 10:37:24-04:00,2026-06-20 14:20:44.774150563-04:00,AAPL,297.65,298.01,309.96,310.38,4.0085,long,closed
2026-06-19 10:58:57-04:00,2026-06-25 02:25:19.407435037-04:00,HD,334.00,334.28,338.76,339.22,1.3405,long,closed
2026-06-19 11:03:54-04:00,2026-07-06 11:36:40.464519832-04:00,CDNS,387.19,387.39,367.27,367.79,5.1948,short,closed
2026-06-19 11:22:34-04:00,2026-06-20 02:16:02.754305320-04:00,PYPL,42.43,42.51,39.97,40.01,-5.9817,long,closed
2026-06-19 11:42:27-04:00,2026-06-20 19:19:59.193577814-04:00,INTU,265.61,265.82,323.46,323.77,21.6824,long,closed
2026-06-19 12:12:32-04:00,2026-06-22 22:08:12.718302776-04:00,HD,334.11,334.28,267.44,267.92,-19.9954,long,closed
2026-06-19 12:57:17-04:00,2026-06-21 13:40:26.487113303-04:00,SNPS,455.03,455.51,479.04,479.84,5.1660,long,closed
2026-06-19 12:58:13-04:00,2026-06-20 03:46:24.180855305-04:00,SNPS,455.22,455.51,475.30,475.60,4.3452,long,closed
2026-06-19 13:23:27-04:00,2026-06-20 07:56:29.009056043-04:00,SNOW,231.88,232.29,187.99,188.26,-19.0695,long,closed
2026-06-19 14:54:16-04:00,2026-06-20 07:16:50.197323282-04:00,QCOM,225.83,226.11,276.16,276.69,22.1372,long,closed
2026-06-19 15:13:20-04:00,2026-06-22 07:21:10.446859330-04:00,MU,1132.83,1133.82,1057.69,1059.04,-6.7146,long,closed
2026-06-19 15:13:55-04:00,2026-06-22 17:22:03.082805491-04:00,PFE,24.76,24.78,20.79,20.81,-16.0857,long,closed
2026-06-19 15:57:58-04:00,2026-06-21 00:06:14.568351842-04:00,CRWD,171.09,171.21,191.45,191.69,11.8195,long,closed
2026-06-22 10:11:43-04:00,2026-06-26 23:36:40.335186779-04:00,UBER,71.30,71.43,53.43,53.53,-25.2057,long,closed
2026-06-22 10:29:21-04:00,2026-06-22 18:56:04.985480429-04:00,CRWD,168.55,168.86,137.74,137.95,-18.4285,long,closed
2026-06-22 11:16:11-04:00,2026-06-25 00:49:32.480336935-04:00,CAT,1019.61,1020.39,1169.26,1170.17,14.5899,long,closed
2026-06-22 12:39:43-04:00,2026-06-23 11:56:51.011502316-04:00,QCOM,221.75,221.90,165.30,165.44,-25.5072,long,closed
2026-06-22 14:38:19-04:00,2026-06-23 05:27:06.627412043-04:00,AMD,550.64,551.63,441.34,441.81,-19.9941,long,closed
2026-06-22 15:44:57-04:00,2026-07-11 00:46:32.503200109-04:00,SHOP,107.77,107.98,122.02,122.11,13.0044,long,closed
2026-06-23 09:22:46-04:00,2026-06-24 11:21:40.866586737-04:00,LRCX,371.06,371.33,389.44,389.64,4.8768,long,closed
2026-06-23 09:46:26-04:00,2026-06-24 20:52:16.082539022-04:00,ORCL,164.50,164.59,169.65,169.96,3.0744,long,closed
2026-06-23 10:15:58-04:00,2026-06-24 13:20:44.066771239-04:00,AAPL,294.03,294.30,291.51,292.09,-0.9495,long,closed
2026-06-23 10:41:28-04:00,2026-07-03 09:32:25.275303877-04:00,NKE,42.33,42.38,45.74,45.83,7.9369,long,closed
2026-06-23 11:04:35-04:00,2026-07-01 00:54:31.476491830-04:00,CRM,153.14,153.42,153.33,153.51,-0.0571,long,closed
2026-06-23 11:48:41-04:00,2026-06-25 10:07:47.158407289-04:00,UBER,69.62,69.67,64.65,64.72,-7.1996,long,closed
2026-06-23 11:58:34-04:00,2026-06-23 18:31:22.709330448-04:00,MU,1050.96,1051.61,974.25,976.13,-7.3563,long,closed
2026-06-23 12:02:41-04:00,2026-07-31 10:32:28.639633812-04:00,PLTR,116.50,116.70,103.77,103.96,-11.0797,long,closed
2026-06-23 13:24:12-04:00,2026-06-24 19:15:27.603555449-04:00,UBER,69.55,69.67,71.03,71.12,1.9561,long,closed
2026-06-23 14:59:00-04:00,2026-06-24 05:02:18.113304922-04:00,AVGO,379.92,380.15,245.36,245.75,35.4568,short,closed
2026-06-24 09:07:13-04:00,2026-07-01 03:06:42.219471477-04:00,GE,365.00,365.42,358.22,358.89,-1.9704,long,closed
2026-06-24 09:37:39-04:00,2026-06-24 21:58:55.900773264-04:00,GS,1075.72,1076.91,1219.94,1222.09,13.2818,long,closed
2026-06-24 10:23:42-04:00,2026-06-24 23:59:12.637880410-04:00,ABNB,144.22,144.40,140.69,140.79,-2.5715,long,closed
2026-06-24 11:25:03-04:00,2026-06-24 20:35:02.401928845-04:00,LOW,219.90,220.09,253.03,253.50,14.9660,long,closed
2026-06-24 12:03:50-04:00,2026-06-25 10:38:45.167030527-04:00,BAC,57.66,57.73,57.35,57.45,-0.6640,long,closed
2026-06-24 12:18:19-04:00,2026-06-25 09:01:39.216550357-04:00,CDNS,371.92,372.40,365.63,366.28,-1.8192,long,closed
2026-06-24 12:33:37-04:00,2026-06-25 06:19:29.305849836-04:00,GE,365.00,365.42,320.13,320.66,-12.3929,long,closed
2026-06-24 13:48:17-04:00,2026-06-24 18:07:02.434422883-04:00,SNOW,225.73,225.95,218.91,219.23,-3.1155,long,closed
2026-06-24 14:19:15-04:00,2026-07-20 11:58:26.293341087-04:00,ORCL,156.70,156.98,151.15,151.28,-3.7126,long,closed
2026-06-24 14:26:07-04:00,2026-06-26 10:51:41.488639076-04:00,ORCL,156.81,156.98,117.57,117.65,-25.1071,long,closed
2026-06-24 14:29:28-04:00,2026-06-25 12:52:16.343242637-04:00,TSLA,375.02,375.53,412.62,412.98,9.8776,long,closed
2026-06-25 10:20:18-04:00,2026-06-28 23:35:08.803588388-04:00,NVDA,195.59,195.74,145.13,145.25,-25.8569,long,closed
2026-06-25 10:49:10-04:00,2026-06-28 05:01:00.986214018-04:00,QCOM,204.80,204.90,279.92,280.07,36.6120,long,closed
2026-06-25 12:07:46-04:00,2026-06-25 23:04:37.003165667-04:00,DIS,97.12,97.30,96.81,96.87,-0.5047,long,closed
2026-06-25 12:30:53-04:00,2026-07-01 06:48:25.112139107-04:00,SQ,74.94,75.00,58.11,58.17,-22.5265,long,closed
2026-06-25 12:36:24-04:00,2026-07-29 22:07:43.099573312-04:00,UNH,415.16,415.53,374.25,374.79,-9.9332,long,closed
2026-06-25 13:55:05-04:00,2026-07-04 23:29:41.313623345-04:00,CSCO,118.34,118.53,138.11,138.30,16.5206,long,closed
2026-06-25 13:56:10-04:00,2026-06-25 20:18:52.088176260-04:00,AMAT,667.51,668.00,745.42,746.18,11.5896,long,closed
2026-06-25 15:23:46-04:00,2026-06-26 19:17:57.065612946-04:00,MU,1212.28,1213.37,874.55,875.00,-27.9238,long,closed
2026-06-26 10:07:07-04:00,2026-06-30 03:03:17.364901597-04:00,GOOGL,336.77,337.39,398.96,399.58,18.2500,long,closed
2026-06-26 12:25:53-04:00,2026-06-28 19:22:51.243843398-04:00,GE,367.96,368.54,360.92,361.15,-2.0681,long,closed
2026-06-26 14:12:27-04:00,2026-06-26 22:46:44.955113209-04:00,V,335.97,336.23,342.25,342.68,1.7910,long,closed
2026-06-26 15:08:05-04:00,2026-06-27 12:50:45.145183742-04:00,PYPL,44.26,44.29,45.87,45.90,3.5607,long,closed
2026-06-26 15:21:46-04:00,2026-06-30 02:28:23.069207413-04:00,LOW,220.78,221.11,178.70,178.85,-19.1798,long,closed
2026-06-29 09:53:50-04:00,2026-07-02 11:11:36.538791145-04:00,SNPS,446.49,447.26,392.12,392.39,-12.3281,long,closed
2026-06-29 09:55:38-04:00,2026-06-30 18:50:55.015031195-04:00,CRM,157.75,157.93,142.87,142.96,-9.5380,long,closed
2026-06-29 09:56:42-04:00,2026-06-29 15:47:58.623086151-04:00,UBER,75.35,75.50,84.06,84.16,11.3314,long,closed
2026-06-29 09:57:58-04:00,2026-07-10 05:04:08.896975519-04:00,SNOW,251.32,251.65,292.44,292.86,16.2106,long,closed
2026-06-29 11:44:15-04:00,2026-06-30 08:28:24.312663111-04:00,INTU,264.96,265.23,332.81,333.08,25.4782,long,closed
2026-06-29 11:56:34-04:00,2026-07-02 03:25:02.652076895-04:00,SNOW,251.19,251.65,304.60,304.76,-21.0425,short,closed
2026-06-29 12:48:33-04:00,2026-06-30 05:39:23.266876281-04:00,V,341.39,341.65,341.25,341.76,-0.1178,long,closed
2026-06-29 13:20:57-04:00,2026-06-30 19:50:03.419787208-04:00,JNJ,258.27,258.51,285.36,285.67,10.3875,long,closed
2026-06-29 13:52:22-04:00,2026-07-06 06:14:23.766748279-04:00,WMT,114.53,114.60,115.62,115.81,-0.8892,short,closed
2026-06-29 14:34:49-04:00,2026-06-30 05:12:03.881383554-04:00,LOW,218.16,218.30,261.12,261.53,19.6167,long,closed
2026-06-29 15:11:25-04:00,2026-06-30 09:18:16.184299886-04:00,MA,507.86,508.79,493.94,494.34,-2.9188,long,closed
2026-06-30 09:47:25-04:00,2026-07-02 08:30:05.799399762-04:00,HD,352.32,352.68,295.98,296.15,-16.0763,long,closed
2026-06-30 11:24:38-04:00,2026-07-01 23:23:03.373915148-04:00,CRWD,190.54,190.79,141.87,141.95,-25.6401,long,closed
2026-06-30 11:37:19-04:00,2026-07-04 10:01:00.724850550-04:00,AMZN,238.04,238.34,288.40,288.76,21.0040,long,closed
2026-06-30 11:53:45-04:00,2026-07-05 14:23:47.981055582-04:00,SNPS,445.80,446.07,492.55,493.37,10.4191,long,closed
2026-06-30 13:04:19-04:00,2026-07-02 10:35:23.356493247-04:00,SNOW,254.27,254.50,281.68,282.00,10.6814,long,closed
2026-06-30 13:15:14-04:00,2026-07-01 02:02:45.254963813-04:00,CDNS,374.62,375.32,461.36,462.01,22.9240,long,closed
2026-06-30 14:04:46-04:00,2026-07-01 02:18:47.707096867-04:00,META,562.35,563.29,528.46,528.89,6.1837,short,closed
2026-06-30 14:33:19-04:00,2026-07-05 19:21:58.806349910-04:00,SNPS,445.46,446.07,524.95,525.28,17.6830,long,closed
2026-06-30 14:33:45-04:00,2026-07-01 07:20:52.277158828-04:00,MA,512.06,512.74,566.29,566.99,10.4435,long,closed
2026-06-30 14:34:49-04:00,2026-06-30 22:41:40.403097768-04:00,V,342.44,343.09,297.82,298.06,13.1948,short,closed
2026-06-30 14:54:24-04:00,2026-07-02 08:47:19.860067393-04:00,JPM,325.52,325.86,373.48,374.20,14.6137,long,closed
2026-06-30 15:58:17-04:00,2026-06-30 22:03:23.974061398-04:00,ABNB,143.01,143.10,169.50,169.65,18.4463,long,closed
2026-07-01 10:29:37-04:00,2026-07-03 21:39:04.715987691-04:00,INTC,126.95,127.02,123.27,123.34,-2.9541,long,closed
2026-07-01 12:32:14-04:00,2026-07-06 05:06:32.671398317-04:00,SBUX,103.22,103.39,116.62,116.80,12.7981,long,closed
2026-07-01 14:09:49-04:00,2026-07-02 12:30:20.944652976-04:00,UBER,72.59,72.66,51.73,51.78,-28.8022,long,closed
2026-07-01 14:47:16-04:00,2026-07-02 00:05:41.908350119-04:00,CAT,988.16,989.57,1186.66,1187.69,19.9170,long,closed
2026-07-01 15:16:46-04:00,2026-07-02 17:39:21.329044888-04:00,SQ,74.87,75.00,88.48,88.54,17.9785,long,closed
2026-07-02 12:28:07-04:00,2026-07-09 21:19:44.124097677-04:00,BAC,58.63,58.73,57.93,57.99,-1.3684,long,closed
2026-07-02 12:29:33-04:00,2026-07-02 17:15:17.739553825-04:00,CVX,169.08,169.20,142.23,142.35,-15.9412,long,closed
2026-07-02 13:09:58-04:00,2026-07-03 01:19:22.624204390-04:00,ORCL,139.70,139.78,163.42,163.67,16.9113,long,closed
2026-07-02 13:16:21-04:00,2026-07-05 00:36:58.232527117-04:00,SQ,74.88,75.00,79.01,79.13,5.3479,long,closed
2026-07-02 15:26:03-04:00,2026-07-04 22:46:11.949309844-04:00,NOW,106.23,106.32,112.97,113.15,-6.2555,short,closed
2026-07-02 15:30:30-04:00,2026-07-04 00:56:21.054286215-04:00,LRCX,351.01,351.41,252.17,252.46,-28.2415,long,closed
2026-07-02 15:36:08-04:00,2026-07-05 15:28:03.001326169-04:00,BAC,58.69,58.73,62.86,62.90,7.0247,long,closed
2026-07-03 09:01:29-04:00,2026-07-06 11:19:01.517694227-04:00,UBER,74.33,74.43,68.99,69.05,7.3073,short,closed
2026-07-03 09:15:00-04:00,2026-07-10 21:42:53.470340965-04:00,CSCO,112.20,112.27,137.61,137.78,22.5695,long,closed
2026-07-03 10:28:29-04:00,2026-07-04 21:40:55.661674132-04:00,JPM,332.38,332.97,388.53,389.23,-16.6860,short,closed
2026-07-03 13:33:21-04:00,2026-07-04 03:46:41.658913899-04:00,PLTR,129.07,129.30,137.51,137.62,6.3493,long,closed
2026-07-03 15:23:38-04:00,2026-07-03 23:20:49.633019162-04:00,CAT,960.33,961.75,992.56,993.71,3.2031,long,closed
2026-07-03 15:52:40-04:00,2026-07-08 07:00:06.073171246-04:00,PFE,23.86,23.90,21.27,21.28,-11.0121,long,closed
2026-07-06 09:52:14-04:00,2026-07-06 20:49:23.923170019-04:00,HD,350.25,350.65,347.78,348.47,-0.8195,long,closed
2026-07-06 10:17:24-04:00,2026-07-08 07:49:29.470272615-04:00,AAPL,312.14,312.66,292.76,293.34,-6.3652,long,closed
2026-07-06 11:24:27-04:00,2026-07-07 04:41:59.614350082-04:00,UBER,72.30,72.42,72.70,72.83,0.3806,long,closed
2026-07-06 12:51:50-04:00,2026-07-08 18:03:41.010761253-04:00,AMAT,591.97,592.79,622.30,622.78,4.9785,long,closed
2026-07-06 13:14:19-04:00,2026-07-09 17:16:50.400497484-04:00,MU,982.95,984.75,828.19,828.62,-15.8988,long,closed
2026-07-06 13:47:25-04:00,2026-07-18 23:42:57.117923799-04:00,NVDA,195.41,195.55,147.97,148.13,-24.3298,long,closed
2026-07-06 14:23:08-04:00,2026-07-09 16:18:32.063805648-04:00,V,357.03,357.25,438.06,438.31,22.6208,long,closed
2026-07-07 14:49:14-04:00,2026-07-08 08:55:14.651537314-04:00,PYPL,45.58,45.65,43.42,43.46,-4.8869,long,closed
2026-07-07 15:16:28-04:00,2026-07-10 00:40:12.971458037-04:00,SHOP,121.73,121.88,93.04,93.16,-23.6647,long,closed
2026-07-07 15:27:44-04:00,2026-07-10 09:42:37.969992551-04:00,INTU,279.48,279.93,248.21,248.55,-11.3331,long,closed
2026-07-08 09:15:50-04:00,2026-07-08 10:57:02.826656335-04:00,TSLA,393.86,394.06,317.07,317.39,-19.5367,long,closed
2026-07-08 10:01:23-04:00,2026-07-19 22:13:30.545579036-04:00,SBUX,103.69,103.87,97.06,97.22,-6.5541,long,closed
2026-07-08 10:02:21-04:00,2026-07-13 07:27:05.608441893-04:00,ABNB,142.84,142.95,169.54,169.82,18.5976,long,closed
2026-07-08 10:16:05-04:00,2026-07-18 04:30:13.446262078-04:00,PYPL,44.50,44.53,56.57,56.61,-27.0325,short,closed
2026-07-08 10:20:39-04:00,2026-07-10 09:53:32.186692878-04:00,META,602.65,603.12,438.21,438.95,-27.3424,long,closed
2026-07-08 10:26:02-04:00,2026-07-09 12:15:12.081661741-04:00,GE,355.81,356.03,440.99,441.39,23.8625,long,closed
2026-07-08 10:47:04-04:00,2026-07-09 01:57:20.901880087-04:00,PANW,320.03,320.59,388.35,389.02,21.1350,long,closed
2026-07-08 10:47:25-04:00,2026-07-08 20:25:06.513653781-04:00,SNPS,434.20,434.50,367.19,367.46,-15.4909,long,closed
2026-07-08 11:19:46-04:00,2026-07-08 19:00:00.622072876-04:00,ORCL,139.90,140.00,114.16,114.36,-18.4576,long,closed
2026-07-08 11:39:44-04:00,2026-07-13 01:27:58.138854266-04:00,GS,1028.91,1029.64,929.77,930.63,-9.6991,long,closed
2026-07-08 12:04:05-04:00,2026-07-09 16:31:40.441152676-04:00,NOW,107.59,107.78,130.24,130.46,20.8349,long,closed
2026-07-08 12:04:30-04:00,2026-07-09 13:11:45.438276115-04:00,INTC,110.13,110.24,131.47,131.55,19.2587,long,closed
2026-07-08 12:14:07-04:00,2026-07-09 15:06:28.831499885-04:00,LOW,211.33,211.54,179.99,180.22,14.9151,short,closed
2026-07-08 12:45:12-04:00,2026-07-11 19:59:57.393528791-04:00,JPM,330.28,330.62,309.29,309.86,-6.4520,long,closed
2026-07-08 13:01:26-04:00,2026-07-10 04:58:43.900524229-04:00,PYPL,44.45,44.53,42.31,42.34,-4.9776,long,closed
2026-07-08 13:30:03-04:00,2026-07-15 03:08:18.364686415-04:00,INTC,110.09,110.24,113.00,113.19,2.5041,long,closed
2026-07-08 14:02:16-04:00,2026-07-14 15:08:42.978334011-04:00,PLTR,132.09,132.22,111.59,111.66,-15.6048,long,closed
2026-07-08 14:13:24-04:00,2026-07-13 20:48:24.068882003-04:00,GS,1027.94,1029.64,801.10,802.58,-22.1957,long,closed
2026-07-08 14:36:34-04:00,2026-07-09 12:32:03.562609537-04:00,XOM,140.89,141.13,194.44,194.63,37.7731,long,closed
2026-07-08 15:36:30-04:00,2026-07-09 19:25:40.261725225-04:00,INTC,110.09,110.24,94.90,95.01,-13.9132,long,closed
2026-07-09 09:40:20-04:00,2026-07-11 06:38:49.200104862-04:00,QCOM,190.90,191.11,202.78,203.02,6.1039,long,closed
2026-07-09 09:41:25-04:00,2026-07-09 16:16:54.203789211-04:00,AVGO,400.52,401.11,431.35,432.05,7.5387,long,closed
2026-07-09 09:42:51-04:00,2026-07-12 00:46:03.083502392-04:00,PLTR,128.79,129.04,142.92,143.10,10.7578,long,closed
2026-07-09 09:46:30-04:00,2026-07-10 04:28:03.702198849-04:00,CRWD,198.06,198.40,163.47,163.70,-17.6044,long,closed
2026-07-09 10:14:24-04:00,2026-07-13 06:28:23.246670317-04:00,JPM,335.05,335.47,312.94,313.40,-6.7154,long,closed
2026-07-09 10:19:40-04:00,2026-07-20 07:53:29.539019864-04:00,WMT,112.12,112.21,121.59,121.72,8.3614,long,closed
2026-07-09 12:08:49-04:00,2026-07-12 15:32:41.673839125-04:00,CRM,162.25,162.50,128.39,128.59,-20.9923,long,closed
2026-07-09 12:44:45-04:00,2026-07-09 19:07:21.121636809-04:00,NOW,108.69,108.84,122.74,122.96,12.7724,long,closed
2026-07-09 13:57:37-04:00,2026-07-10 02:07:38.566640761-04:00,NOW,108.65,108.84,99.97,100.11,-8.1503,long,closed
2026-07-10 09:08:08-04:00,2026-07-17 07:30:20.954297056-04:00,NKE,44.31,44.37,60.75,60.84,36.9210,long,closed
2026-07-10 09:10:20-04:00,2026-07-10 21:54:53.359564119-04:00,INTU,274.43,274.96,234.00,234.21,14.8975,short,closed
2026-07-10 09:31:37-04:00,2026-07-11 05:42:24.566914943-04:00,MSFT,384.89,385.10,485.21,485.87,-25.9962,short,closed
2026-07-10 10:57:05-04:00,2026-07-12 17:51:59.459797624-04:00,IBM,287.41,287.56,270.28,270.45,6.0084,short,closed
2026-07-10 12:20:39-04:00,2026-07-10 17:32:56.408821136-04:00,MU,978.79,979.30,1023.16,1024.83,4.4790,long,closed
2026-07-10 13:04:50-04:00,2026-07-11 02:06:19.287740296-04:00,SQ,74.95,75.00,87.18,87.32,16.2393,long,closed
2026-07-10 13:39:47-04:00,2026-07-11 07:16:11.532710151-04:00,INTU,274.54,274.96,271.16,271.66,-1.3804,long,closed
2026-07-10 13:49:40-04:00,2026-07-11 04:39:53.339632929-04:00,MA,526.04,526.74,659.89,660.76,25.2791,long,closed
2026-07-10 14:15:01-04:00,2026-07-11 02:11:02.951116606-04:00,CRWD,186.96,187.18,136.99,137.16,-26.8156,long,closed
2026-07-10 15:12:14-04:00,2026-07-14 08:31:30.497928604-04:00,WMT,113.73,113.90,121.02,121.18,6.2473,long,closed
2026-07-10 15:33:04-04:00,2026-07-12 02:27:12.131426677-04:00,META,668.18,669.21,619.36,620.34,-7.4485,long,closed
2026-07-10 15:49:49-04:00,2026-07-11 12:41:34.952145608-04:00,XOM,138.74,138.88,140.94,141.18,1.4844,long,closed
2026-07-13 09:29:44-04:00,2026-07-14 21:40:45.556502167-04:00,CSCO,119.14,119.25,156.78,156.94,31.4717,long,closed
2026-07-13 10:29:34-04:00,2026-07-20 18:39:34.240046736-04:00,BA,215.27,215.51,225.48,225.69,4.6244,long,closed
2026-07-13 10:37:02-04:00,2026-07-13 12:25:09.851247336-04:00,CVX,182.06,182.20,154.96,155.13,-14.9505,long,closed
2026-07-13 11:19:05-04:00,2026-07-15 01:28:06.574931154-04:00,CSCO,119.09,119.25,125.88,126.13,5.5636,long,closed
2026-07-13 11:26:12-04:00,2026-07-13 23:53:23.447281218-04:00,ADBE,230.28,230.61,205.11,205.25,-11.0578,long,closed
2026-07-13 13:38:42-04:00,2026-07-14 12:31:54.758930526-04:00,MA,537.20,537.70,693.46,694.35,28.9670,long,closed
2026-07-13 15:50:10-04:00,2026-07-14 13:19:12.987526817-04:00,SNOW,268.20,268.65,259.50,259.94,-3.4052,long,closed
2026-07-14 09:04:05-04:00,2026-07-18 03:49:25.758009604-04:00,NKE,42.79,42.86,49.20,49.25,14.7963,long,closed
2026-07-14 09:04:10-04:00,2026-07-16 07:14:27.817946170-04:00,UBER,72.02,72.08,75.37,75.41,4.5579,long,closed
2026-07-14 09:30:51-04:00,2026-07-16 07:58:37.103405497-04:00,UBER,72.01,72.08,58.08,58.18,-19.4188,long,closed
2026-07-14 10:13:34-04:00,2026-07-14 14:20:29.220029176-04:00,HD,337.24,337.74,347.61,348.23,2.9217,long,closed
2026-07-14 10:16:53-04:00,2026-07-16 06:15:09.703274609-04:00,NOW,104.65,104.85,94.61,94.80,-9.7668,long,closed
2026-07-14 10:56:28-04:00,2026-07-14 19:57:48.595556430-04:00,UBER,72.01,72.08,74.75,74.81,3.7098,long,closed
2026-07-14 11:02:53-04:00,2026-07-15 16:27:24.886522777-04:00,PFE,23.81,23.83,24.75,24.77,-3.8425,short,closed
2026-07-14 11:44:44-04:00,2026-07-15 17:25:54.475426752-04:00,GOOGL,358.84,359.51,314.66,315.22,-12.4740,long,closed
2026-07-14 12:39:20-04:00,2026-07-15 09:17:47.388757719-04:00,HD,337.23,337.74,271.50,271.89,-19.6115,long,closed
2026-07-14 12:45:37-04:00,2026-07-15 04:16:01.371740819-04:00,NKE,42.84,42.86,41.84,41.92,-2.3734,long,closed
2026-07-14 13:26:42-04:00,2026-07-14 19:16:37.631016789-04:00,CRWD,210.58,210.73,241.70,241.94,14.6951,long,closed
2026-07-14 14:19:49-04:00,2026-07-18 01:39:58.847756149-04:00,GS,1139.32,1140.00,816.26,816.74,-28.3980,long,closed
2026-07-14 14:23:00-04:00,2026-07-15 12:29:48.979705440-04:00,LRCX,345.86,346.10,346.13,346.78,0.0097,long,closed
2026-07-14 14:59:50-04:00,2026-07-15 00:36:26.835781445-04:00,COST,919.02,920.29,887.11,888.49,3.6051,short,closed
2026-07-14 15:33:40-04:00,2026-07-14 19:20:28.625839237-04:00,QCOM,177.93,178.10,229.08,229.47,-28.6247,short,closed
2026-07-14 15:52:59-04:00,2026-07-15 11:21:17.773559826-04:00,AVGO,388.52,389.11,378.95,379.58,-2.6104,long,closed
2026-07-15 09:17:24-04:00,2026-07-16 09:22:03.552014923-04:00,PFE,24.37,24.39,23.16,23.18,-5.0574,long,closed
2026-07-15 09:44:09-04:00,2026-07-22 21:10:30.177606809-04:00,SHOP,123.31,123.55,111.95,112.13,-9.3920,long,closed
2026-07-15 09:56:35-04:00,2026-07-15 16:55:39.762766553-04:00,WMT,112.38,112.53,120.13,120.34,6.7581,long,closed
2026-07-15 10:51:58-04:00,2026-07-16 01:17:33.181196660-04:00,SNPS,424.56,425.28,473.07,473.66,11.2367,long,closed
2026-07-15 11:04:54-04:00,2026-07-18 01:13:01.805346578-04:00,TXN,299.14,299.66,373.07,373.30,24.4963,long,closed
2026-07-15 11:54:57-04:00,2026-07-17 09:13:53.559973182-04:00,IBM,210.88,211.20,219.85,220.00,4.0939,long,closed
2026-07-15 12:18:30-04:00,2026-07-16 23:18:45.714534377-04:00,KLAC,224.17,224.50,242.24,242.47,7.9011,long,closed
2026-07-15 12:32:49-04:00,2026-07-16 17:15:17.487096117-04:00,ORCL,132.32,132.49,112.45,112.64,-15.1291,long,closed
2026-07-15 12:55:56-04:00,2026-07-16 08:13:09.533990662-04:00,AMZN,254.71,254.96,277.34,277.83,8.7764,long,closed
2026-07-15 13:08:51-04:00,2026-07-18 08:56:32.111164661-04:00,TSLA,393.87,394.46,327.68,328.10,-16.9291,long,closed
2026-07-15 13:21:13-04:00,2026-07-15 19:44:09.892849175-04:00,AMD,528.71,529.14,570.30,570.80,7.7789,long,closed
2026-07-15 13:29:17-04:00,2026-09-09 09:07:48.311163391-04:00,LRCX,335.19,335.43,,,16.0908,long,open
2026-07-15 14:29:41-04:00,2026-07-17 17:43:12.303865928-04:00,INTC,102.82,102.99,109.82,109.96,6.6328,long,closed
2026-07-16 09:06:58-04:00,2026-07-25 23:19:03.256052059-04:00,SNPS,416.58,417.03,572.01,572.96,37.1625,long,closed
2026-07-16 09:51:42-04:00,2026-07-24 11:15:00-04:00,INTU,294.51,294.79,296.33,296.68,0.5225,long,closed
2026-07-16 09:59:15-04:00,2026-07-18 02:30:51.063432918-04:00,ABNB,147.69,147.80,177.09,177.40,19.8190,long,closed
2026-07-16 10:24:21-04:00,2026-07-17 05:14:23.982886803-04:00,ABNB,147.53,147.80,188.49,188.87,27.5326,long,closed
2026-07-16 11:19:58-04:00,2026-07-17 14:27:32.257229681-04:00,BAC,61.44,61.49,56.44,56.51,-8.2104,long,closed
2026-07-16 11:44:41-04:00,2026-07-22 13:04:05.682113187-04:00,ABNB,147.61,147.80,148.00,148.26,0.1324,long,closed
2026-07-16 11:49:13-04:00,2026-07-17 19:19:59.802129384-04:00,JPM,342.60,343.15,376.18,376.54,9.6266,long,closed
2026-07-16 12:08:15-04:00,2026-07-19 01:47:38.611230837-04:00,META,663.65,664.54,591.72,592.30,-10.9578,long,closed
2026-07-16 12:35:50-04:00,2026-07-19 08:11:59.144050237-04:00,MU,852.22,853.20,776.54,777.67,-8.9853,long,closed
2026-07-16 12:42:24-04:00,2026-07-17 13:08:42.291883824-04:00,SNOW,269.60,270.02,313.22,313.80,15.9978,long,closed
2026-07-16 13:05:25-04:00,2026-07-20 08:30:14.103775583-04:00,AMD,500.15,500.94,476.14,476.74,-4.9514,long,closed
2026-07-16 13:21:38-04:00,2026-07-17 18:52:42.188187177-04:00,SQ,74.93,75.00,85.46,85.52,13.9516,long,closed
2026-07-16 14:47:51-04:00,2026-07-17 03:57:12.329877503-04:00,AAPL,332.63,333.26,315.43,315.81,-5.3516,long,closed
2026-07-16 15:02:24-04:00,2026-07-19 14:32:12.406666400-04:00,PFE,24.67,24.71,21.16,21.19,-14.3758,long,closed
2026-07-17 09:04:34-04:00,2026-07-17 11:57:42.611890933-04:00,UBER,72.34,72.46,88.19,88.26,-21.7068,short,closed
2026-07-17 11:45:38-04:00,2026-07-18 17:46:05.102062541-04:00,MA,543.04,543.60,612.89,613.48,12.7466,long,closed
2026-07-17 11:49:54-04:00,2026-07-18 06:32:30.046856948-04:00,SHOP,123.44,123.56,109.53,109.69,11.3523,short,closed
2026-07-17 12:43:26-04:00,2026-07-19 01:08:31.059839480-04:00,PANW,358.45,358.68,357.56,358.03,-0.3123,long,closed
2026-07-17 12:44:46-04:00,2026-07-22 23:47:56.183185072-04:00,AVGO,370.16,370.83,347.99,348.32,-6.1583,long,closed
2026-07-17 12:47:44-04:00,2026-07-17 19:43:55.030756309-04:00,ABNB,145.69,145.98,116.48,116.63,-20.2064,long,closed
2026-07-17 12:50:24-04:00,2026-07-22 13:09:59.464897101-04:00,NKE,43.69,43.76,41.38,41.44,-5.4388,long,closed
2026-07-17 12:56:10-04:00,2026-07-21 23:37:30.670017398-04:00,MU,848.03,848.95,770.94,771.47,-9.1885,long,closed
2026-07-17 13:08:09-04:00,2026-07-17 18:11:08.945509816-04:00,AMZN,246.98,247.23,209.33,209.51,-15.3315,long,closed
2026-07-17 14:33:47-04:00,2026-07-19 07:51:47.359978558-04:00,WMT,114.05,114.24,111.58,111.79,-2.3247,long,closed
2026-07-17 15:33:05-04:00,2026-07-18 12:42:14.205540056-04:00,SHOP,123.45,123.56,125.38,125.53,1.4740,long,closed
2026-07-17 15:55:33-04:00,2026-07-19 00:09:23.765632093-04:00,SNPS,384.05,384.28,429.12,429.72,11.6684,long,closed
2026-07-20 09:00:09-04:00,2026-07-20 12:58:00.538075626-04:00,ADBE,234.27,234.74,244.80,245.19,4.2872,long,closed
2026-07-20 10:10:34-04:00,2026-07-21 05:41:07.742682414-04:00,META,644.86,645.85,504.11,504.95,-21.9457,long,closed
2026-07-20 10:48:44-04:00,2026-07-30 00:17:42.884403518-04:00,MU,864.46,865.46,1042.66,1043.23,20.4751,long,closed
2026-07-20 12:09:27-04:00,2026-08-03 17:28:59.087013005-04:00,TXN,282.34,282.62,,,-12.3858,long,open
2026-07-20 12:31:35-04:00,2026-07-21 03:58:10.981967048-04:00,ABNB,144.66,144.94,166.12,166.22,14.6118,long,closed
2026-07-20 12:33:14-04:00,2026-07-21 23:30:07.028434377-04:00,BAC,60.35,60.42,47.78,47.84,-20.9274,long,closed
2026-07-20 12:46:00-04:00,2026-07-20 20:05:05.242047144-04:00,GS,1053.20,1055.03,957.42,957.95,-9.2516,long,closed
2026-07-20 13:57:43-04:00,2026-07-22 17:30:36.337153334-04:00,AMZN,249.61,249.99,252.33,252.68,0.9372,long,closed
2026-07-20 14:12:40-04:00,2026-07-22 01:12:52.853817359-04:00,ADBE,234.56,234.74,204.16,204.32,-13.0284,long,closed
2026-07-20 14:34:46-04:00,2026-07-21 15:16:20.092538229-04:00,SNPS,378.00,378.46,397.88,398.47,5.1313,long,closed
2026-07-20 15:08:51-04:00,2026-07-21 02:33:20.893011383-04:00,INTU,293.39,293.82,347.38,347.87,18.2279,long,closed
2026-07-20 15:10:19-04:00,2026-07-21 21:52:59.084606360-04:00,LRCX,306.60,306.76,226.78,227.01,-26.0718,long,closed
2026-07-21 09:12:26-04:00,2026-07-26 15:41:01.066360137-04:00,BAC,61.12,61.22,74.55,74.59,21.7806,long,closed
2026-07-21 10:02:04-04:00,2026-07-23 04:50:09.523290975-04:00,ABNB,143.99,144.10,124.93,125.12,-13.3004,long,closed
2026-07-21 10:08:58-04:00,2026-07-22 13:17:27.233702243-04:00,INTC,105.37,105.45,107.83,107.95,2.2565,long,closed
2026-07-21 12:23:38-04:00,2026-07-24 06:18:48.475169982-04:00,MU,970.24,970.82,1233.90,1235.10,27.0993,long,closed
2026-07-21 13:13:00-04:00,2026-07-23 09:40:29.504536279-04:00,XOM,151.46,151.71,169.24,169.55,11.5565,long,closed
2026-07-21 13:14:46-04:00,2026-07-22 00:36:14.941025318-04:00,AVGO,386.11,386.50,398.15,398.84,3.0147,long,closed
2026-07-21 14:21:19-04:00,2026-07-22 18:18:00.108309966-04:00,CDNS,344.46,344.64,345.13,345.70,0.1435,long,closed
2026-07-22 09:29:21-04:00,2026-07-22 23:21:27.775122506-04:00,TXN,292.43,292.69,308.30,308.74,5.3342,long,closed
2026-07-22 11:01:19-04:00,2026-07-23 07:34:40.374684410-04:00,ABNB,139.89,140.05,160.71,160.89,14.7492,long,closed
2026-07-22 11:44:41-04:00,2026-07-24 15:24:15.357595195-04:00,PFE,24.36,24.39,20.44,20.47,16.2018,short,closed
2026-07-22 12:55:19-04:00,2026-07-26 00:45:51.995157755-04:00,COIN,165.81,166.12,148.52,148.66,-10.5922,long,closed
2026-07-22 13:09:24-04:00,2026-07-24 19:17:27.396667676-04:00,CDNS,336.46,337.01,273.42,273.93,-18.8701,long,closed
2026-07-22 13:34:02-04:00,2026-07-22 20:00:11.942078136-04:00,PFE,24.37,24.39,23.80,23.84,-2.4199,long,closed
2026-07-22 13:42:35-04:00,2026-07-23 16:22:58.452479336-04:00,AMZN,244.71,244.85,180.86,181.14,-26.1337,long,closed
2026-07-22 13:51:27-04:00,2026-07-26 11:11:35.197940536-04:00,UBER,70.23,70.33,79.30,79.35,12.7553,long,closed
2026-07-22 14:34:48-04:00,2026-07-30 17:45:10.853337567-04:00,ADBE,217.95,218.36,251.71,252.07,15.2733,long,closed
2026-07-22 14:44:36-04:00,2026-07-23 17:05:42.516153810-04:00,AVGO,396.33,396.81,405.50,406.05,2.1891,long,closed
2026-07-22 14:55:41-04:00,2026-07-22 16:21:50.486716930-04:00,BAC,61.55,61.62,66.03,66.07,7.1615,long,closed
2026-07-22 15:05:53-04:00,2026-08-03 15:15:21.867428294-04:00,CRWD,188.20,188.42,,,14.4658,long,open
2026-07-22 15:10:49-04:00,2026-07-23 20:00:01.388177470-04:00,CRWD,188.08,188.42,141.65,141.87,-24.8243,long,closed
2026-07-22 15:34:59-04:00,2026-07-31 23:18:53.844014305-04:00,AMZN,244.60,244.85,245.61,246.08,0.3087,long,closed
2026-07-22 15:37:03-04:00,2026-07-23 06:53:17.992376224-04:00,NVDA,211.78,212.06,206.42,206.80,-2.6607,long,closed
2026-07-23 09:18:29-04:00,2026-07-25 06:11:30.372193096-04:00,NKE,40.94,40.99,35.75,35.78,-12.7828,long,closed
2026-07-23 09:19:36-04:00,2026-07-26 04:08:12.516261425-04:00,AMD,539.24,539.69,425.73,426.16,-21.1167,long,closed
2026-07-23 10:28:17-04:00,2026-07-25 07:07:56.324739055-04:00,SBUX,103.10,103.21,114.56,114.73,10.9945,long,closed
2026-07-23 11:19:28-04:00,2026-07-25 18:53:45.348049555-04:00,SNOW,264.61,265.13,274.95,275.32,3.7044,long,closed
2026-07-23 11:40:20-04:00,2026-07-24 09:05:12.672768589-04:00,IBM,206.41,206.65,223.68,224.08,8.2386,long,closed
2026-07-23 11:42:45-04:00,2026-07-27 05:59:36.719527389-04:00,ABNB,137.49,137.57,88.79,88.86,35.4602,short,closed
2026-07-23 12:57:38-04:00,2026-07-25 21:52:46.637938385-04:00,NOW,91.87,91.94,110.17,110.27,19.8318,long,closed
2026-07-23 14:26:10-04:00,2026-07-23 20:23:07.401357180-04:00,UNH,423.10,423.56,391.57,392.16,-7.5515,long,closed
2026-07-23 15:04:45-04:00,2026-07-24 11:29:41.490979381-04:00,AVGO,391.91,392.47,459.41,460.04,17.0568,long,closed
2026-07-24 10:48:22-04:00,2026-07-25 23:33:52.119355468-04:00,CSCO,114.03,114.17,137.69,137.91,20.6050,long,closed
2026-07-24 10:57:03-04:00,2026-07-26 02:44:27.938916141-04:00,AMD,520.99,521.95,544.54,545.45,4.3277,long,closed
2026-07-24 11:06:15-04:00,2026-07-25 09:07:08.733117104-04:00,AMZN,231.98,232.11,232.66,232.89,0.2383,long,closed
2026-07-24 11:30:07-04:00,2026-07-24 22:10:54.182673873-04:00,V,355.52,355.74,424.17,424.64,19.2348,long,closed
2026-07-24 12:06:49-04:00,2026-07-27 11:16:48.136503628-04:00,COIN,158.04,158.29,206.30,206.54,30.3298,long,closed
2026-07-24 12:33:08-04:00,2026-08-03 20:07:03.440970184-04:00,INTU,295.74,296.33,,,-9.3621,long,open
2026-07-24 13:48:02-04:00,2026-07-26 16:57:07.867618977-04:00,CSCO,114.02,114.17,114.96,115.14,0.6952,long,closed
2026-07-24 14:35:29-04:00,2026-07-28 04:13:46.120280796-04:00,LOW,207.43,207.64,222.04,222.39,6.9355,long,closed
2026-07-24 15:01:21-04:00,2026-07-29 03:04:50.410862495-04:00,ADBE,224.91,225.11,281.47,281.88,-25.0361,short,closed
2026-07-24 15:38:09-04:00,2026-07-27 07:25:12.279349161-04:00,PYPL,56.10,56.15,55.37,55.46,-1.3849,long,closed
2026-07-27 10:32:45-04:00,2026-07-28 10:18:16.629450725-04:00,PFE,24.64,24.67,17.91,17.92,-27.3905,long,closed
2026-07-27 10:48:57-04:00,2026-07-27 23:34:41.300622527-04:00,ADBE,237.52,237.75,265.82,266.10,11.8075,long,closed
2026-07-27 11:50:08-04:00,2026-07-29 01:24:51.833387930-04:00,XOM,154.55,154.77,169.45,169.58,9.4834,long,closed
2026-07-27 12:10:26-04:00,2026-07-28 13:22:38.928194689-04:00,ORCL,119.79,119.90,102.96,103.01,-14.1302,long,closed
2026-07-27 12:40:40-04:00,2026-07-29 16:40:13.554527012-04:00,NVDA,196.19,196.51,140.28,140.49,-28.6147,long,closed
2026-07-27 12:54:35-04:00,2026-07-31 21:31:16.310610481-04:00,UNH,417.09,417.64,490.75,491.44,-17.5047,short,closed
2026-07-27 13:05:11-04:00,2026-07-28 05:59:46.168344698-04:00,NOW,105.43,105.56,81.76,81.83,-22.5467,long,closed
2026-07-27 14:22:27-04:00,2026-07-28 06:20:34.610365712-04:00,NOW,105.46,105.56,136.32,136.43,29.1419,long,closed
2026-07-27 14:27:12-04:00,2026-07-30 06:24:29.097406694-04:00,MU,899.20,900.20,723.24,723.81,-19.6578,long,closed
2026-07-27 14:32:20-04:00,2026-07-28 03:49:59.654176149-04:00,JPM,355.96,356.20,418.44,419.05,17.4730,long,closed
2026-07-27 15:04:22-04:00,2026-07-28 14:39:14.208088182-04:00,PLTR,131.29,131.53,176.42,176.52,34.1276,long,closed
2026-07-27 15:14:25-04:00,2026-07-30 06:49:53.508198912-04:00,COST,950.51,951.58,1032.37,1033.51,8.4901,long,closed
2026-07-27 15:29:38-04:00,2026-07-28 08:36:28.649853962-04:00,MSFT,388.48,389.10,278.72,278.90,-28.3690,long,closed
2026-07-27 15:30:53-04:00,2026-07-28 00:30:48.620719266-04:00,PLTR,131.44,131.53,161.48,161.61,22.7670,long,closed
2026-07-27 15:56:44-04:00,2026-07-29 06:39:44.829316322-04:00,TXN,277.74,277.99,268.86,269.28,-3.2840,long,closed
2026-07-28 09:30:14-04:00,2026-07-28 11:50:02.650087847-04:00,CAT,840.05,840.85,747.81,748.77,-11.0651,long,closed
2026-07-28 09:55:52-04:00,2026-07-29 03:47:07.263223126-04:00,NFLX,72.31,72.39,87.90,88.07,21.4224,long,closed
2026-07-28 10:15:06-04:00,2026-07-29 05:24:57.033163105-04:00,JPM,356.63,357.31,352.78,352.99,-1.2688,long,closed
2026-07-28 10:51:05-04:00,2026-07-30 21:53:22.438714498-04:00,SBUX,103.01,103.10,111.20,111.41,-7.8584,short,closed
2026-07-28 11:50:33-04:00,2026-07-29 04:11:35.124891662-04:00,BA,221.34,221.56,226.63,226.98,2.2881,long,closed
2026-07-28 12:22:01-04:00,2026-07-30 23:53:52.309399776-04:00,UBER,70.70,70.74,77.01,77.15,8.8656,long,closed
2026-07-28 13:29:15-04:00,2026-08-04 04:43:46.406917724-04:00,CSCO,115.38,115.58,,,4.1973,long,open
2026-07-28 14:40:49-04:00,2026-07-29 20:34:23.650172523-04:00,V,366.19,366.59,475.71,476.18,29.7668,long,closed
2026-07-28 14:45:34-04:00,2026-07-29 05:54:24.368666388-04:00,CDNS,344.34,344.72,374.44,374.67,8.6213,long,closed
2026-07-28 14:48:27-04:00,2026-07-29 10:27:50.807097942-04:00,ADBE,248.77,249.18,280.36,280.82,12.5112,long,closed
2026-07-28 15:21:11-04:00,2026-07-30 22:17:34.895333577-04:00,CSCO,115.45,115.58,98.83,98.98,-14.4948,long,closed
2026-07-28 15:52:32-04:00,2026-08-01 18:08:19.934581056-04:00,MU,819.00,820.53,775.28,776.60,-5.5144,long,closed
2026-07-29 09:48:14-04:00,2026-08-05 02:50:16.991136712-04:00,PLTR,122.76,123.00,,,-0.9439,long,open
2026-07-29 11:01:33-04:00,2026-08-01 06:40:35.687152972-04:00,MSFT,390.14,390.54,513.66,514.52,31.5258,long,closed
2026-07-29 13:20:58-04:00,2026-08-03 16:09:57.666269950-04:00,ABNB,152.92,153.01,,,19.5759,long,open
2026-07-29 13:28:42-04:00,2026-07-30 18:49:51.163004833-04:00,GE,350.16,350.63,330.94,331.36,-5.6143,long,closed
2026-07-29 14:45:21-04:00,2026-07-30 07:23:19.064026535-04:00,ABNB,152.77,153.01,184.73,184.95,20.7329,long,closed
2026-07-29 14:59:52-04:00,2026-07-30 01:50:04.063817416-04:00,WMT,114.16,114.22,156.07,156.33,36.6398,long,closed
2026-07-29 15:24:36-04:00,2026-07-31 00:14:56.867214677-04:00,XOM,156.59,156.75,138.94,139.14,-11.3630,long,closed
2026-07-29 15:32:35-04:00,2026-08-03 13:35:50.407135878-04:00,PANW,313.55,314.15,,,18.5056,long,open
2026-07-29 15:47:50-04:00,2026-07-29 18:55:51.652740372-04:00,ABNB,152.87,153.01,147.05,147.23,-3.8938,long,closed
2026-07-30 09:29:19-04:00,2026-08-06 15:22:05.744121709-04:00,MSFT,450.40,451.10,,,-4.8200,long,open
2026-07-30 09:29:39-04:00,2026-07-31 17:36:31.428983292-04:00,CSCO,113.44,113.56,134.78,134.88,18.6836,long,closed
2026-07-30 09:58:02-04:00,2026-08-11 06:23:50.114886638-04:00,PYPL,57.57,57.65,,,-13.7434,long,open
2026-07-30 10:13:10-04:00,2026-08-01 09:50:48.308413395-04:00,AMD,485.06,485.39,449.91,450.39,-7.3104,long,closed
2026-07-30 10:14:08-04:00,2026-07-30 13:37:26.320713884-04:00,AMZN,235.25,235.50,298.89,299.14,26.9174,long,closed
2026-07-30 10:28:18-04:00,2026-08-03 23:29:41.987362509-04:00,XOM,156.81,156.97,,,5.6770,long,open
2026-07-30 12:23:09-04:00,2026-08-04 06:38:34.991923977-04:00,AVGO,387.45,387.84,,,-6.4701,short,open
2026-07-30 12:36:16-04:00,2026-07-31 17:12:29.692683049-04:00,TXN,277.13,277.34,298.63,299.19,7.6766,long,closed
2026-07-30 12:49:24-04:00,2026-07-31 00:49:28.857964264-04:00,BA,220.78,220.90,267.68,268.16,21.1776,long,closed
2026-07-30 14:33:18-04:00,2026-08-01 07:21:51.657420877-04:00,MSFT,450.86,451.10,468.21,468.47,3.7940,long,closed
2026-07-30 15:47:58-04:00,2026-07-30 17:16:03.940410344-04:00,DIS,96.00,96.16,86.43,86.57,-10.1195,long,closed
2026-07-31 09:23:25-04:00,2026-08-01 04:54:18.192988447-04:00,AMD,475.87,476.15,472.55,472.88,-0.7554,long,closed
2026-07-31 10:25:35-04:00,2026-08-01 22:12:08.455801661-04:00,PANW,331.62,331.83,384.14,384.80,15.7652,long,closed
2026-07-31 11:49:02-04:00,2026-08-01 15:24:21.727215071-04:00,META,556.38,556.71,527.13,527.59,-5.3141,long,closed
2026-07-31 12:59:07-04:00,2026-08-02 07:49:32.991754109-04:00,CSCO,115.90,115.99,115.19,115.34,-0.6894,long,closed
2026-07-31 13:14:04-04:00,2026-08-06 09:08:49.907542707-04:00,ADBE,250.03,250.41,,,8.9299,long,open
2026-07-31 13:17:22-04:00,2026-07-31 17:37:09.358799997-04:00,INTC,90.04,90.20,88.24,88.31,-2.1675,long,closed
2026-07-31 13:32:23-04:00,2026-07-31 17:56:47.365264923-04:00,GOOGL,355.95,356.13,315.81,316.01,-11.3216,long,closed
2026-07-31 13:41:51-04:00,2026-08-04 22:27:51.168477861-04:00,BA,215.77,216.14,,,10.0340,long,open
2026-07-31 13:57:15-04:00,2026-08-01 19:22:29.937352451-04:00,LOW,207.61,207.81,197.89,198.24,-4.7738,long,closed
2026-07-31 14:42:03-04:00,2026-08-02 07:25:46.175957217-04:00,INTC,90.15,90.20,88.14,88.30,2.2815,short,closed
2026-07-31 15:30:29-04:00,2026-08-02 06:58:47.580684305-04:00,AMZN,271.10,271.58,257.53,257.77,-5.1732,long,closed
2026-07-31 15:41:58-04:00,2026-08-01 08:09:45.082624853-04:00,CAT,813.32,814.81,1002.73,1003.75,23.0631,long,closed
2026-07-31 15:43:51-04:00,2026-08-20 08:35:31.826229088-04:00,AAPL,308.72,308.91,,,18.4746,short,open
2026-07-31 15:59:58-04:00,2026-08-02 05:18:13.211228528-04:00,AMD,475.55,476.15,459.14,459.52,-3.5717,long,closed
